States,Year,Total_Count,Total_Population
Alabama,1999,41,194723
Alabama,2000,51,220789
Alabama,2001,79,442183
Alabama,2002,34,378534
Alabama,2003,53,474259
Alabama,2004,54,313205
Alabama,2005,74,600098
Alabama,2006,66,466362
Alabama,2007,112,748135
Alabama,2008,162,820682
Alabama,2009,177,1111683
Alabama,2010,120,701301
Alabama,2011,148,880104
Alabama,2012,186,1010119
Alabama,2013,133,951069
Alabama,2014,99,621735
Alabama,2015,108,747164
Alabama,2016,156,1117064
Alabama,2017,149,912437
Alabama,2018,232,1403141
Alabama,2019,193,1261825
Alabama,2020,223,1412351
Alabama,2021,179,1159929
Alaska,1999,0,261961
Alaska,2000,0,336096
Alaska,2001,0,312853
Alaska,2002,0,191810
Alaska,2003,0,316218
Alaska,2004,0,238825
Alaska,2005,0,380174
Alaska,2006,0,330321
Alaska,2007,0,218877
Alaska,2008,0,242180
Alaska,2009,0,151783
Alaska,2010,0,178413
Alaska,2011,0,189467
Alaska,2012,0,323747
Alaska,2013,0,263618
Alaska,2014,0,217566
Alaska,2015,0,218272
Alaska,2016,0,168036
Alaska,2017,0,217643
Alaska,2018,0,323442
Alaska,2019,0,264546
Alaska,2020,0,390023
Alaska,2021,0,303031
Arizona,1999,93,475824
Arizona,2000,89,583329
Arizona,2001,91,626614
Arizona,2002,126,642526
Arizona,2003,74,404537
Arizona,2004,122,716520
Arizona,2005,155,938488
Arizona,2006,213,1334190
Arizona,2007,153,1100443
Arizona,2008,254,1686681
Arizona,2009,277,1969996
Arizona,2010,276,1882373
Arizona,2011,233,1365968
Arizona,2012,280,1744328
Arizona,2013,292,1916446
Arizona,2014,287,1703651
Arizona,2015,257,1891382
Arizona,2016,285,1941567
Arizona,2017,279,1850471
Arizona,2018,299,2097883
Arizona,2019,318,2377719
Arizona,2020,350,2573054
Arizona,2021,273,2141951
Arkansas,1999,0,196611
Arkansas,2000,0,123384
Arkansas,2001,0,150710
Arkansas,2002,0,92751
Arkansas,2004,19,324657
Arkansas,2005,0,116939
Arkansas,2006,34,253962
Arkansas,2007,17,188496
Arkansas,2008,0,20860
Arkansas,2009,0,116639
Arkansas,2010,16,67015
Arkansas,2011,0,99989
Arkansas,2012,0,18491
Arkansas,2013,37,183290
Arkansas,2014,16,112820
Arkansas,2015,53,225068
Arkansas,2016,36,232096
Arkansas,2017,36,260964
Arkansas,2018,53,422178
Arkansas,2019,56,526944
Arkansas,2020,74,296322
Arkansas,2021,0,120599
California,1999,2028,31858924
California,2000,1950,33495346
California,2001,1983,33955101
California,2002,2087,34356938
California,2003,2149,34730964
California,2004,2126,35054226
California,2005,2135,35305540
California,2006,2080,35501013
California,2007,2216,35723078
California,2008,2208,36074921
California,2009,2291,36462208
California,2010,2298,36827380
California,2011,2261,37145628
California,2012,2314,37479912
California,2013,2418,37799813
California,2014,2419,38145571
California,2015,2452,38474158
California,2016,2392,37444187
California,2017,2475,38947670
California,2018,2444,39079950
California,2019,2440,39103209
California,2020,2473,39068891
California,2021,2409,37455903
Colorado,1999,32,531205
Colorado,2000,34,392171
Colorado,2001,45,275745
Colorado,2002,61,328933
Colorado,2003,16,157603
Colorado,2004,56,398379
Colorado,2005,62,518223
Colorado,2006,91,907578
Colorado,2007,100,664364
Colorado,2008,108,720880
Colorado,2009,83,456574
Colorado,2010,91,906183
Colorado,2011,130,932726
Colorado,2012,99,635804
Colorado,2013,69,627174
Colorado,2014,177,1292490
Colorado,2015,194,1343825
Colorado,2016,151,1310115
Colorado,2017,211,1332604
Colorado,2018,146,883023
Colorado,2019,169,1161498
Colorado,2020,193,1168773
Colorado,2021,171,1373279
Connecticut,1999,49,388875
Connecticut,2000,69,309943
Connecticut,2002,19,74509
Connecticut,2003,16,58625
Connecticut,2004,36,395285
Connecticut,2005,18,114173
Connecticut,2006,38,353432
Connecticut,2007,18,148556
Connecticut,2008,89,467435
Connecticut,2009,108,596294
Connecticut,2010,50,152731
Connecticut,2011,59,324286
Connecticut,2012,33,383491
Connecticut,2013,59,227806
Connecticut,2014,60,298201
Connecticut,2015,122,791113
Connecticut,2016,54,408646
Connecticut,2017,122,689312
Connecticut,2018,151,929615
Connecticut,2019,65,383982
Connecticut,2020,141,1083734
Connecticut,2021,71,467656
Delaware,1999,0,284243
Delaware,2000,0,236257
Delaware,2001,0,201011
Delaware,2002,0,182842
Delaware,2003,0,322015
Delaware,2004,0,257173
Delaware,2005,0,280072
Delaware,2006,0,258551
Delaware,2007,0,216785
Delaware,2008,0,264698
Delaware,2009,0,154338
Delaware,2010,0,229824
Delaware,2011,0,153216
Delaware,2012,0,242712
Delaware,2013,0,263977
Delaware,2014,0,253029
Delaware,2015,0,281734
Delaware,2016,0,260445
Delaware,2017,0,134473
Delaware,2018,0,246420
Delaware,2019,0,353556
Delaware,2020,0,205222
Delaware,2021,0,253404
District of Columbia,1999,0,235095
District of Columbia,2000,0,214600
District of Columbia,2001,0,315331
District of Columbia,2002,0,297810
District of Columbia,2003,0,238241
District of Columbia,2004,0,276679
District of Columbia,2005,0,287550
District of Columbia,2006,0,277314
District of Columbia,2007,0,279185
District of Columbia,2008,0,260925
District of Columbia,2009,0,306044
District of Columbia,2010,0,234118
District of Columbia,2011,0,324929
District of Columbia,2012,0,204576
District of Columbia,2013,0,233794
District of Columbia,2014,0,281576
District of Columbia,2015,0,337177
District of Columbia,2016,0,314903
District of Columbia,2017,0,353127
District of Columbia,2018,0,208118
District of Columbia,2019,0,222681
District of Columbia,2020,0,259488
District of Columbia,2021,0,289270
Florida,1999,1144,12310235
Florida,2000,1303,13381561
Florida,2001,1191,12540673
Florida,2002,1288,13865331
Florida,2003,1241,13140481
Florida,2004,1363,15663866
Florida,2005,1417,15383683
Florida,2006,1349,16282385
Florida,2007,1383,16464779
Florida,2008,1370,16546076
Florida,2009,1434,15601249
Florida,2010,1460,16851257
Florida,2011,1443,17060340
Florida,2012,1416,16717259
Florida,2013,1518,16919287
Florida,2014,1499,17876105
Florida,2015,1588,18312850
Florida,2016,1593,18586300
Florida,2017,1576,18130839
Florida,2018,1793,19685707
Florida,2019,1767,20519441
Florida,2020,1745,20144121
Florida,2021,1812,19655111
Georgia,1999,256,2167991
Georgia,2000,230,2013487
Georgia,2001,314,2762851
Georgia,2002,283,2538252
Georgia,2003,261,2468369
Georgia,2004,338,3021877
Georgia,2005,358,3162516
Georgia,2006,331,3165858
Georgia,2007,401,4559560
Georgia,2008,396,4031785
Georgia,2009,398,3245952
Georgia,2010,416,4259007
Georgia,2011,383,3695278
Georgia,2012,435,4422225
Georgia,2013,449,4231227
Georgia,2014,452,4477663
Georgia,2015,441,3678766
Georgia,2016,504,5236107
Georgia,2017,403,3571163
Georgia,2018,431,4531097
Georgia,2019,457,3783492
Georgia,2020,512,4451476
Georgia,2021,465,3835505
Hawaii,1999,0,282974
Hawaii,2000,0,386520
Hawaii,2001,0,138457
Hawaii,2002,0,482018
Hawaii,2003,0,288797
Hawaii,2004,0,355011
Hawaii,2005,0,314286
Hawaii,2006,0,323726
Hawaii,2007,0,363736
Hawaii,2008,0,306314
Hawaii,2009,0,372842
Hawaii,2010,0,279164
Hawaii,2011,0,323665
Hawaii,2012,0,435037
Hawaii,2013,0,387736
Hawaii,2014,0,359420
Hawaii,2015,0,246811
Hawaii,2016,0,567047
Hawaii,2017,0,403028
Hawaii,2018,0,368275
Hawaii,2019,0,460242
Hawaii,2020,0,388097
Hawaii,2021,0,387911
Idaho,1999,0,116201
Idaho,2000,0,249531
Idaho,2001,0,155987
Idaho,2002,0,155294
Idaho,2003,0,134530
Idaho,2004,0,207765
Idaho,2005,0,66071
Idaho,2006,0,161427
Idaho,2007,0,277974
Idaho,2008,0,81943
Idaho,2009,0,174438
Idaho,2010,0,202579
Idaho,2011,0,342948
Idaho,2012,0,79858
Idaho,2013,0,170416
Idaho,2014,0,249700
Idaho,2015,16,116914
Idaho,2016,0,375303
Idaho,2017,0,229605
Idaho,2018,0,261625
Idaho,2019,0,253182
Idaho,2020,0,472852
Idaho,2021,0,88758
Illinois,1999,631,6484529
Illinois,2000,631,6849091
Illinois,2001,618,6347955
Illinois,2002,612,7027609
Illinois,2003,674,7101038
Illinois,2004,719,7600194
Illinois,2005,702,8455608
Illinois,2006,779,8071849
Illinois,2007,674,7593871
Illinois,2008,727,6150190
Illinois,2009,707,7098673
Illinois,2010,783,8452573
Illinois,2011,782,7982669
Illinois,2012,703,7232141
Illinois,2013,707,7528109
Illinois,2014,721,7355028
Illinois,2015,829,9453118
Illinois,2016,750,7629505
Illinois,2017,740,7322010
Illinois,2018,791,9096723
Illinois,2019,745,7768691
Illinois,2020,723,6670198
Illinois,2021,710,6990771
Indiana,1999,196,1067243
Indiana,2000,161,1240493
Indiana,2001,198,1254832
Indiana,2002,239,1650069
Indiana,2003,222,1523778
Indiana,2004,254,1573335
Indiana,2005,228,1894226
Indiana,2006,330,2277804
Indiana,2007,283,1794276
Indiana,2008,321,2163239
Indiana,2009,202,1582800
Indiana,2010,302,2213779
Indiana,2011,262,1967950
Indiana,2012,228,1588749
Indiana,2013,280,1954069
Indiana,2014,270,1818938
Indiana,2015,220,1615131
Indiana,2016,311,2072320
Indiana,2017,308,2293608
Indiana,2018,291,1979189
Indiana,2019,291,1951490
Indiana,2020,0,0
Indiana,2021,0,0
Iowa,1999,0,36894
Iowa,2000,16,53648
Iowa,2001,32,137039
Iowa,2002,0,37248
Iowa,2003,17,88597
Iowa,2004,32,172448
Iowa,2005,16,253740
Iowa,2006,40,156718
Iowa,2007,54,163378
Iowa,2008,18,64813
Iowa,2009,20,119874
Iowa,2010,17,162749
Iowa,2012,40,240791
Iowa,2013,39,286758
Iowa,2014,56,275334
Iowa,2015,19,117002
Iowa,2016,45,200778
Iowa,2017,69,343662
Iowa,2018,34,210594
Iowa,2019,36,208336
Iowa,2020,86,439595
Iowa,2021,18,314304
Kansas,1999,0,229344
Kansas,2000,0,215689
Kansas,2001,0,93846
Kansas,2002,16,221396
Kansas,2003,0,19099
Kansas,2004,0,228931
Kansas,2005,0,317892
Kansas,2006,0,359673
Kansas,2007,0,41071
Kansas,2008,16,143396
Kansas,2009,0,120027
Kansas,2010,18,333230
Kansas,2011,74,375238
Kansas,2012,16,165042
Kansas,2013,23,100159
Kansas,2014,0,19869
Kansas,2015,0,125611
Kansas,2016,38,308156
Kansas,2017,16,154782
Kansas,2018,16,232212
Kansas,2019,37,306802
Kansas,2020,16,300945
Kansas,2021,40,308213
Kentucky,1999,39,129509
Kentucky,2000,51,311570
Kentucky,2001,16,68942
Kentucky,2002,0,27490
Kentucky,2003,18,311970
Kentucky,2004,85,555522
Kentucky,2005,73,423469
Kentucky,2006,42,231395
Kentucky,2007,141,729766
Kentucky,2008,75,494787
Kentucky,2009,142,854856
Kentucky,2010,150,827248
Kentucky,2011,129,724843
Kentucky,2012,141,748454
Kentucky,2013,155,915400
Kentucky,2014,126,806135
Kentucky,2015,154,807918
Kentucky,2016,121,638884
Kentucky,2017,159,861937
Kentucky,2018,169,1047888
Kentucky,2019,181,1160349
Kentucky,2020,185,1007631
Kentucky,2021,101,617750
Louisiana,2000,35,124842
Louisiana,2002,17,159227
Louisiana,2003,90,666146
Louisiana,2004,16,44920
Louisiana,2005,72,469981
Louisiana,2006,19,92359
Louisiana,2007,65,645957
Louisiana,2008,55,356996
Louisiana,2009,34,291363
Louisiana,2010,71,511316
Louisiana,2011,39,394710
Louisiana,2012,100,608522
Louisiana,2013,86,683672
Louisiana,2014,108,1049579
Louisiana,2015,94,617739
Louisiana,2016,72,749532
Louisiana,2017,119,706756
Louisiana,2018,89,521601
Louisiana,2019,63,362469
Louisiana,2020,73,471373
Louisiana,2021,84,577152
Maine,1999,0,175305
Maine,2000,0,178735
Maine,2001,0,343374
Maine,2002,0,105727
Maine,2003,0,153503
Maine,2004,0,178355
Maine,2005,0,220693
Maine,2006,0,176044
Maine,2007,0,252187
Maine,2008,0,116692
Maine,2009,0,127186
Maine,2010,0,191382
Maine,2011,0,150754
Maine,2012,0,43148
Maine,2013,0,297450
Maine,2014,0,190072
Maine,2015,0,178588
Maine,2016,0,83623
Maine,2017,0,121448
Maine,2018,0,157733
Maine,2019,0,290075
Maine,2020,0,175476
Maine,2021,0,273256
Maryland,1999,94,673219
Maryland,2000,96,656711
Maryland,2001,72,600202
Maryland,2002,167,1025218
Maryland,2003,164,1027689
Maryland,2004,157,1313676
Maryland,2005,72,630756
Maryland,2006,142,1144406
Maryland,2007,175,1028948
Maryland,2008,122,757928
Maryland,2009,150,943832
Maryland,2010,212,1657009
Maryland,2011,148,1092416
Maryland,2012,181,1168791
Maryland,2013,220,1520799
Maryland,2014,149,1188176
Maryland,2015,192,1526539
Maryland,2016,213,1645836
Maryland,2017,206,1377506
Maryland,2018,159,1421084
Maryland,2019,249,1590273
Maryland,2020,248,1671133
Maryland,2021,215,1409468
Massachusetts,1999,199,1181059
Massachusetts,2000,334,2039418
Massachusetts,2001,273,1930655
Massachusetts,2002,289,2166174
Massachusetts,2003,307,2004820
Massachusetts,2004,272,1787623
Massachusetts,2005,290,2068116
Massachusetts,2006,298,2084105
Massachusetts,2007,324,2135084
Massachusetts,2008,326,1936231
Massachusetts,2009,253,2016903
Massachusetts,2010,314,2284100
Massachusetts,2011,257,1756701
Massachusetts,2012,271,1916670
Massachusetts,2013,371,2709588
Massachusetts,2014,292,2113512
Massachusetts,2015,355,2412660
Massachusetts,2016,350,2067742
Massachusetts,2017,342,2694439
Massachusetts,2018,356,2304215
Massachusetts,2019,360,2703367
Massachusetts,2020,385,2521290
Massachusetts,2021,168,1420347
Michigan,1999,624,5018121
Michigan,2000,510,4440727
Michigan,2001,565,5148180
Michigan,2002,574,5335958
Michigan,2003,557,5334955
Michigan,2004,604,4850349
Michigan,2005,592,4574383
Michigan,2006,550,4856337
Michigan,2007,643,5366401
Michigan,2008,649,5052077
Michigan,2009,566,5015386
Michigan,2010,580,4773473
Michigan,2011,623,5470328
Michigan,2012,557,4367837
Michigan,2013,503,4193601
Michigan,2014,576,4596833
Michigan,2015,604,4953928
Michigan,2016,593,4938422
Michigan,2017,533,4227143
Michigan,2018,592,4674890
Michigan,2019,556,4431576
Michigan,2020,565,5220941
Michigan,2021,457,3948522
Minnesota,1999,122,779469
Minnesota,2000,75,422706
Minnesota,2001,102,635767
Minnesota,2002,119,689024
Minnesota,2003,132,1271408
Minnesota,2004,119,827689
Minnesota,2005,34,322519
Minnesota,2006,149,1161485
Minnesota,2007,78,594693
Minnesota,2008,117,853401
Minnesota,2009,128,1041985
Minnesota,2010,140,1043787
Minnesota,2011,126,1011432
Minnesota,2012,215,1464739
Minnesota,2013,156,933365
Minnesota,2014,195,1191660
Minnesota,2015,228,1341718
Minnesota,2016,215,1459664
Minnesota,2017,213,1395360
Minnesota,2018,229,1493683
Minnesota,2019,247,1542561
Minnesota,2020,191,1329925
Minnesota,2021,230,1592712
Mississippi,1999,0,0
Mississippi,2000,0,0
Mississippi,2001,0,0
Mississippi,2002,0,0
Mississippi,2003,0,69180
Mississippi,2004,0,80752
Mississippi,2005,0,120477
Mississippi,2006,0,21309
Mississippi,2007,0,91997
Mississippi,2008,17,389207
Mississippi,2009,0,125756
Mississippi,2010,0,39584
Mississippi,2011,32,377010
Mississippi,2013,35,250278
Mississippi,2014,19,261753
Mississippi,2015,0,18574
Mississippi,2016,17,250383
Mississippi,2017,49,232246
Mississippi,2018,0,18527
Mississippi,2019,0,35195
Mississippi,2020,0,16622
Mississippi,2021,16,203479
Missouri,1999,198,1208305
Missouri,2000,161,905718
Missouri,2001,144,997068
Missouri,2002,239,1498561
Missouri,2003,173,1132742
Missouri,2004,208,1302833
Missouri,2005,228,1458354
Missouri,2006,223,1357823
Missouri,2007,242,1553796
Missouri,2008,217,1259017
Missouri,2009,233,1415537
Missouri,2010,212,1730422
Missouri,2011,165,937776
Missouri,2012,281,1807164
Missouri,2013,200,1465685
Missouri,2014,258,1649905
Missouri,2015,227,1677500
Missouri,2016,253,1560543
Missouri,2017,266,1721453
Missouri,2018,228,1513411
Missouri,2019,260,1720955
Missouri,2020,284,1904992
Missouri,2021,275,1520030
Montana,1999,0,220471
Montana,2000,0,243511
Montana,2001,0,279204
Montana,2002,0,213002
Montana,2003,0,256048
Montana,2004,0,169296
Montana,2005,0,102789
Montana,2006,0,207310
Montana,2007,0,388218
Montana,2008,0,214820
Montana,2009,0,207444
Montana,2010,0,167098
Montana,2011,0,188349
Montana,2012,0,170131
Montana,2013,0,174234
Montana,2014,0,154808
Montana,2015,0,235597
Montana,2016,0,174860
Montana,2017,0,345262
Montana,2018,0,102402
Montana,2019,0,140199
Montana,2020,0,313212
Montana,2021,0,203200
Nebraska,1999,0,134970
Nebraska,2000,0,237328
Nebraska,2001,0,173550
Nebraska,2002,0,228312
Nebraska,2003,0,81980
Nebraska,2004,0,157540
Nebraska,2005,0,95141
Nebraska,2006,0,230947
Nebraska,2007,0,310257
Nebraska,2008,0,38297
Nebraska,2009,0,55061
Nebraska,2010,0,186639
Nebraska,2011,0,12571
Nebraska,2012,0,89964
Nebraska,2013,0,69546
Nebraska,2014,16,67452
Nebraska,2015,0,224611
Nebraska,2016,0,73342
Nebraska,2017,0,224183
Nebraska,2018,0,13039
Nebraska,2019,0,95819
Nebraska,2020,0,188055
Nebraska,2021,0,208157
Nevada,1999,0,207715
Nevada,2000,0,185122
Nevada,2001,0,380607
Nevada,2002,0,155380
Nevada,2003,0,88944
Nevada,2004,0,193662
Nevada,2005,0,298254
Nevada,2006,0,237454
Nevada,2007,0,228990
Nevada,2008,0,127351
Nevada,2009,0,150825
Nevada,2010,0,217134
Nevada,2011,0,197931
Nevada,2012,18,152011
Nevada,2013,16,276232
Nevada,2014,34,166415
Nevada,2015,22,257823
Nevada,2016,32,262211
Nevada,2017,34,234522
Nevada,2018,0,273578
Nevada,2019,0,125471
Nevada,2020,18,218944
Nevada,2021,16,288700
New Hampshire,1999,0,236023
New Hampshire,2000,0,137771
New Hampshire,2001,0,200944
New Hampshire,2002,0,215073
New Hampshire,2003,0,136540
New Hampshire,2004,0,170691
New Hampshire,2005,0,277630
New Hampshire,2006,0,319022
New Hampshire,2007,0,212594
New Hampshire,2008,0,191175
New Hampshire,2009,0,115895
New Hampshire,2010,0,273988
New Hampshire,2011,0,89809
New Hampshire,2012,0,165096
New Hampshire,2013,0,260994
New Hampshire,2014,0,123809
New Hampshire,2015,0,311345
New Hampshire,2016,0,144394
New Hampshire,2017,0,74163
New Hampshire,2018,0,254488
New Hampshire,2019,0,129500
New Hampshire,2020,0,149637
New Hampshire,2021,0,173821
New Jersey,1999,501,3967213
New Jersey,2000,500,4201226
New Jersey,2001,431,3251085
New Jersey,2002,402,3398449
New Jersey,2003,508,4098178
New Jersey,2004,514,3955186
New Jersey,2005,501,3933908
New Jersey,2006,507,4687421
New Jersey,2007,507,4033760
New Jersey,2008,497,4299334
New Jersey,2009,507,4179231
New Jersey,2010,532,4490606
New Jersey,2011,443,3582295
New Jersey,2012,509,4287516
New Jersey,2013,539,4403328
New Jersey,2014,484,3669095
New Jersey,2015,502,4128705
New Jersey,2016,505,4176718
New Jersey,2017,468,3398048
New Jersey,2018,558,4267904
New Jersey,2019,519,4016390
New Jersey,2020,532,4081693
New Jersey,2021,519,4527876
New Mexico,1999,0,79743
New Mexico,2000,0,201749
New Mexico,2001,0,354810
New Mexico,2002,0,229964
New Mexico,2003,0,209307
New Mexico,2004,0,359532
New Mexico,2005,0,261850
New Mexico,2006,0,435640
New Mexico,2007,0,89023
New Mexico,2008,0,165679
New Mexico,2009,0,236413
New Mexico,2010,0,287250
New Mexico,2011,0,225806
New Mexico,2012,0,218503
New Mexico,2013,0,390738
New Mexico,2014,0,337574
New Mexico,2015,0,150716
New Mexico,2016,0,267273
New Mexico,2017,0,348444
New Mexico,2018,0,389069
New Mexico,2019,0,374694
New Mexico,2020,0,326078
New Mexico,2021,0,210062
New York,1999,1258,16724310
New York,2000,1400,17504833
New York,2001,1301,16198360
New York,2002,1306,16249509
New York,2003,1342,17148173
New York,2004,1284,16920095
New York,2005,1360,17580366
New York,2006,1277,15784645
New York,2007,1276,17099045
New York,2008,1313,17010807
New York,2009,1339,16405344
New York,2010,1308,17120437
New York,2011,1352,19356260
New York,2012,1343,16855505
New York,2013,1404,19649972
New York,2014,1479,19761921
New York,2015,1399,17785167
New York,2016,1345,15852741
New York,2017,1489,18575944
New York,2018,1354,17376412
New York,2019,1307,16402436
New York,2020,1306,16986412
New York,2021,1298,15945137
North Carolina,1999,358,3264765
North Carolina,2000,277,2014321
North Carolina,2001,314,2644270
North Carolina,2002,356,3104089
North Carolina,2003,375,3407259
North Carolina,2004,434,3567539
North Carolina,2005,481,4083484
North Carolina,2006,434,3228171
North Carolina,2007,432,4210480
North Carolina,2008,420,3695234
North Carolina,2009,511,4231177
North Carolina,2010,555,5211753
North Carolina,2011,534,4949399
North Carolina,2012,532,4830617
North Carolina,2013,536,3626188
North Carolina,2014,489,4621974
North Carolina,2015,587,4750994
North Carolina,2016,530,4354661
North Carolina,2017,513,5101617
North Carolina,2018,553,4444306
North Carolina,2019,539,4303740
North Carolina,2020,541,4057329
North Carolina,2021,612,5153353
North Dakota,1999,0,279918
North Dakota,2000,0,258849
North Dakota,2001,0,181966
North Dakota,2002,0,190332
North Dakota,2003,0,229221
North Dakota,2004,0,167934
North Dakota,2005,0,207796
North Dakota,2006,0,268715
North Dakota,2007,0,229009
North Dakota,2008,0,261207
North Dakota,2009,0,243895
North Dakota,2010,0,276233
North Dakota,2011,0,349583
North Dakota,2012,0,260748
North Dakota,2013,0,253233
North Dakota,2014,0,272723
North Dakota,2015,0,220047
North Dakota,2016,0,232522
North Dakota,2017,0,334057
North Dakota,2018,0,218352
North Dakota,2019,0,337144
North Dakota,2020,0,180010
North Dakota,2021,0,344633
Ohio,1999,691,7302307
Ohio,2000,668,7062061
Ohio,2001,697,7085453
Ohio,2002,693,6596852
Ohio,2003,647,5875584
Ohio,2004,675,6684164
Ohio,2005,769,6847839
Ohio,2006,801,8235964
Ohio,2007,672,5934132
Ohio,2008,834,7199828
Ohio,2009,780,6235629
Ohio,2010,711,6308034
Ohio,2011,700,7103618
Ohio,2012,698,6085327
Ohio,2013,856,7000138
Ohio,2014,729,6336213
Ohio,2015,768,7009659
Ohio,2016,786,6826614
Ohio,2017,826,7542314
Ohio,2018,761,6179859
Ohio,2019,820,7509310
Ohio,2020,661,5522138
Ohio,2021,664,6247893
Oklahoma,1999,36,228913
Oklahoma,2000,17,222465
Oklahoma,2001,18,64507
Oklahoma,2002,51,257616
Oklahoma,2003,39,453038
Oklahoma,2004,37,214634
Oklahoma,2005,51,243260
Oklahoma,2006,17,108801
Oklahoma,2007,79,518416
Oklahoma,2008,20,384538
Oklahoma,2009,16,55222
Oklahoma,2010,37,316058
Oklahoma,2011,34,267606
Oklahoma,2012,55,381346
Oklahoma,2013,66,249913
Oklahoma,2014,67,595520
Oklahoma,2015,96,478163
Oklahoma,2016,64,507106
Oklahoma,2017,73,517257
Oklahoma,2018,107,628532
Oklahoma,2019,39,204765
Oklahoma,2020,103,589678
Oklahoma,2021,76,509357
Oregon,1999,32,205260
Oregon,2000,53,354636
Oregon,2001,18,99687
Oregon,2002,37,247157
Oregon,2003,70,370524
Oregon,2004,44,411269
Oregon,2005,67,525318
Oregon,2006,76,443654
Oregon,2007,77,370113
Oregon,2008,88,357813
Oregon,2009,117,797463
Oregon,2010,94,854082
Oregon,2011,106,607928
Oregon,2012,73,348710
Oregon,2013,183,920629
Oregon,2014,137,627612
Oregon,2015,96,534589
Oregon,2016,141,731236
Oregon,2017,148,793842
Oregon,2018,90,444551
Oregon,2019,86,416736
Oregon,2020,172,1006117
Oregon,2021,133,783968
Pennsylvania,1999,735,6925501
Pennsylvania,2000,796,6933780
Pennsylvania,2001,797,8137145
Pennsylvania,2002,869,8822070
Pennsylvania,2003,823,8263943
Pennsylvania,2004,879,8341844
Pennsylvania,2005,843,7580734
Pennsylvania,2006,874,7896264
Pennsylvania,2007,921,8145821
Pennsylvania,2008,913,8012655
Pennsylvania,2009,891,8307010
Pennsylvania,2010,952,9363237
Pennsylvania,2011,902,8322690
Pennsylvania,2012,953,9146590
Pennsylvania,2013,978,9135357
Pennsylvania,2014,911,8270840
Pennsylvania,2015,885,7597505
Pennsylvania,2016,961,8028949
Pennsylvania,2017,1038,9784720
Pennsylvania,2018,869,7311300
Pennsylvania,2019,925,8160142
Pennsylvania,2020,883,7476287
Pennsylvania,2021,876,7739893
Rhode Island,1999,0,243162
Rhode Island,2000,0,206700
Rhode Island,2001,0,227077
Rhode Island,2002,0,212886
Rhode Island,2003,0,231097
Rhode Island,2004,0,179000
Rhode Island,2005,0,231635
Rhode Island,2006,0,256361
Rhode Island,2007,0,285908
Rhode Island,2008,0,149002
Rhode Island,2009,0,320837
Rhode Island,2010,0,278620
Rhode Island,2011,0,252895
Rhode Island,2012,0,258335
Rhode Island,2013,0,254924
Rhode Island,2014,0,233387
Rhode Island,2015,0,252819
Rhode Island,2016,0,307980
Rhode Island,2017,0,257102
Rhode Island,2018,0,190208
Rhode Island,2019,0,177986
Rhode Island,2020,0,299727
Rhode Island,2021,0,334924
South Carolina,1999,88,416868
South Carolina,2000,16,416221
South Carolina,2001,16,277688
South Carolina,2002,54,265323
South Carolina,2003,71,313920
South Carolina,2004,60,413014
South Carolina,2005,35,527454
South Carolina,2006,108,578294
South Carolina,2007,114,566900
South Carolina,2008,96,653969
South Carolina,2009,113,591421
South Carolina,2010,137,764349
South Carolina,2011,149,819468
South Carolina,2012,160,1014074
South Carolina,2013,166,966454
South Carolina,2014,206,1524162
South Carolina,2015,175,1215820
South Carolina,2016,171,1131338
South Carolina,2017,194,1015813
South Carolina,2018,192,1078796
South Carolina,2019,184,1007948
South Carolina,2020,185,1270875
South Carolina,2021,187,1109638
South Dakota,1999,0,0
South Dakota,2000,0,0
South Dakota,2001,0,350697
South Dakota,2002,0,269381
South Dakota,2003,0,209064
South Dakota,2004,0,239450
South Dakota,2005,0,291416
South Dakota,2006,0,235165
South Dakota,2007,0,305219
South Dakota,2008,0,295979
South Dakota,2009,0,258790
South Dakota,2010,0,239930
South Dakota,2011,0,232358
South Dakota,2012,0,199499
South Dakota,2013,0,339535
South Dakota,2014,0,250119
South Dakota,2015,0,345036
South Dakota,2016,0,227732
South Dakota,2017,0,211952
South Dakota,2018,0,330764
South Dakota,2019,0,287202
South Dakota,2020,0,283938
South Dakota,2021,0,258032
Tennessee,1999,92,577550
Tennessee,2000,122,869346
Tennessee,2001,187,1384320
Tennessee,2002,78,512022
Tennessee,2003,241,1576505
Tennessee,2004,238,1788122
Tennessee,2005,189,1345587
Tennessee,2006,220,1390219
Tennessee,2007,239,1487784
Tennessee,2008,257,1946106
Tennessee,2009,308,2123084
Tennessee,2010,246,1820562
Tennessee,2011,235,1721909
Tennessee,2012,253,1761126
Tennessee,2013,271,1893763
Tennessee,2014,235,1594044
Tennessee,2015,241,1764489
Tennessee,2016,298,2348872
Tennessee,2017,322,2220748
Tennessee,2018,333,2638504
Tennessee,2019,256,1759031
Tennessee,2020,317,2115472
Tennessee,2021,317,2394001
Texas,1999,1236,17781046
Texas,2000,1310,19798630
Texas,2001,1353,19346237
Texas,2002,1396,19714815
Texas,2003,1436,20848927
Texas,2004,1390,21055275
Texas,2005,1419,22402115
Texas,2006,1483,22068643
Texas,2007,1512,23446707
Texas,2008,1547,23057629
Texas,2009,1577,24416224
Texas,2010,1535,24859753
Texas,2011,1649,25252021
Texas,2012,1626,25682315
Texas,2013,1705,26059199
Texas,2014,1657,25571432
Texas,2015,1705,27003053
Texas,2016,1797,26443333
Texas,2017,1714,26843662
Texas,2018,1761,28135459
Texas,2019,1755,27514611
Texas,2020,1782,28867876
Texas,2021,1723,28156230
Utah,1999,0,61737
Utah,2000,0,23283
Utah,2001,0,22542
Utah,2002,0,7771
Utah,2003,0,8136
Utah,2004,0,94312
Utah,2005,0,104382
Utah,2006,0,129402
Utah,2008,0,37092
Utah,2009,0,19217
Utah,2010,17,275792
Utah,2013,18,90850
Utah,2014,19,74197
Utah,2015,16,340866
Utah,2016,16,69027
Utah,2017,0,48869
Utah,2018,0,157083
Utah,2019,0,24038
Utah,2020,0,47053
Utah,2021,18,87379
Vermont,1999,0,218651
Vermont,2000,0,227947
Vermont,2001,0,205152
Vermont,2002,0,195116
Vermont,2003,0,276817
Vermont,2004,0,279064
Vermont,2005,0,180582
Vermont,2006,0,184388
Vermont,2007,0,185674
Vermont,2008,0,254185
Vermont,2009,0,227939
Vermont,2010,0,213855
Vermont,2011,0,138314
Vermont,2012,0,278841
Vermont,2013,0,258779
Vermont,2014,0,211994
Vermont,2015,0,276594
Vermont,2016,0,287613
Vermont,2017,0,187701
Vermont,2018,0,232910
Vermont,2019,0,209070
Vermont,2020,0,267128
Vermont,2021,0,211737
Virginia,1999,257,2228408
Virginia,2000,166,1296879
Virginia,2001,172,1572963
Virginia,2002,147,1341952
Virginia,2003,253,1978092
Virginia,2004,293,2520463
Virginia,2005,262,2012440
Virginia,2006,247,2398716
Virginia,2007,275,2390180
Virginia,2008,324,2895309
Virginia,2009,416,3469443
Virginia,2010,327,2911161
Virginia,2011,328,3193787
Virginia,2012,325,2448436
Virginia,2013,278,2135551
Virginia,2014,382,2962898
Virginia,2015,347,3039185
Virginia,2016,379,2906813
Virginia,2017,393,2801834
Virginia,2018,350,3000246
Virginia,2019,395,3272785
Virginia,2020,388,2906228
Virginia,2021,289,2477160
Washington,1999,251,1600722
Washington,2000,180,1295246
Washington,2001,169,1021136
Washington,2002,204,1154993
Washington,2003,233,1469103
Washington,2004,244,2089525
Washington,2005,245,1639133
Washington,2006,209,1690197
Washington,2007,236,1963341
Washington,2008,326,2352726
Washington,2009,328,2161232
Washington,2010,354,2454451
Washington,2011,338,2437482
Washington,2012,313,2223233
Washington,2013,357,2776925
Washington,2014,325,2521255
Washington,2015,414,2959009
Washington,2016,357,2576195
Washington,2017,319,2097860
Washington,2018,432,2704916
Washington,2019,395,2412526
Washington,2020,389,2554304
Washington,2021,362,2488205
West Virginia,1999,0,50262
West Virginia,2000,0,183292
West Virginia,2001,0,227067
West Virginia,2002,0,10036
West Virginia,2003,16,117633
West Virginia,2004,0,174528
West Virginia,2005,0,128425
West Virginia,2006,0,104880
West Virginia,2007,0,186184
West Virginia,2008,0,242261
West Virginia,2009,17,80135
West Virginia,2010,0,20182
West Virginia,2011,0,67371
West Virginia,2012,0,63269
West Virginia,2013,0,112533
West Virginia,2014,0,180689
West Virginia,2015,0,164431
West Virginia,2016,16,68427
West Virginia,2017,0,199502
West Virginia,2018,0,392847
West Virginia,2019,0,151589
West Virginia,2020,0,221522
West Virginia,2021,19,122084
Wisconsin,1999,135,1000323
Wisconsin,2000,115,777554
Wisconsin,2001,175,1134848
Wisconsin,2002,189,1048576
Wisconsin,2003,144,1016995
Wisconsin,2004,175,1093836
Wisconsin,2005,246,1643792
Wisconsin,2006,246,1469018
Wisconsin,2007,270,1666294
Wisconsin,2008,248,1857632
Wisconsin,2009,302,1946765
Wisconsin,2010,308,1973159
Wisconsin,2011,285,1963490
Wisconsin,2012,265,2010969
Wisconsin,2013,252,1592445
Wisconsin,2014,291,1839470
Wisconsin,2015,243,1825232
Wisconsin,2016,286,1837878
Wisconsin,2017,271,1799149
Wisconsin,2018,288,1977157
Wisconsin,2019,281,1711033
Wisconsin,2020,308,1916938
Wisconsin,2021,293,1730323
Wyoming,1999,0,219135
Wyoming,2000,0,189427
Wyoming,2001,0,238053
Wyoming,2002,0,220145
Wyoming,2003,0,244974
Wyoming,2004,0,209437
Wyoming,2005,0,188558
Wyoming,2006,0,164031
Wyoming,2007,0,258113
Wyoming,2008,0,266251
Wyoming,2009,0,182086
Wyoming,2010,0,153230
Wyoming,2011,0,273519
Wyoming,2012,0,238194
Wyoming,2013,0,290916
Wyoming,2014,0,204240
Wyoming,2015,0,199342
Wyoming,2016,0,187929
Wyoming,2017,0,220803
Wyoming,2018,0,251397
Wyoming,2019,0,204063
Wyoming,2020,0,187159
Wyoming,2021,0,317884
