State,Year,Total Deaths,Total Population
Alabama,1999,210,4430141
Alabama,2000,217,4452173
Alabama,2001,203,4467634
Alabama,2002,219,4480089
Alabama,2003,204,4503491
Alabama,2004,215,4530729
Alabama,2005,193,4565917
Alabama,2006,198,4628981
Alabama,2007,242,4672840
Alabama,2008,247,4718206
Alabama,2009,268,4757938
Alabama,2010,274,4788081
Alabama,2011,263,4812311
Alabama,2012,266,4839463
Alabama,2013,298,4864598
Alabama,2014,290,4886870
Alabama,2015,305,4908173
Alabama,2016,311,4930490
Alabama,2017,272,4951852
Alabama,2018,298,4976062
Alabama,2019,309,5003250
Alabama,2020,315,5031362
Alabama,2021,307,5049846
Alaska,1999,19,624779
Alaska,2001,22,633714
Alaska,2002,20,642337
Alaska,2003,19,648414
Alaska,2004,24,659286
Alaska,2005,21,666946
Alaska,2006,19,675302
Alaska,2007,20,680300
Alaska,2008,26,687455
Alaska,2009,25,698895
Alaska,2010,24,714026
Alaska,2011,39,722610
Alaska,2012,27,731293
Alaska,2013,30,738288
Alaska,2014,22,737859
Alaska,2015,23,739305
Alaska,2016,39,743530
Alaska,2017,33,742015
Alaska,2018,35,737791
Alaska,2019,27,734885
Alaska,2020,31,732923
Alaska,2021,40,734182
Arizona,1999,226,5023823
Arizona,2000,220,5160586
Arizona,2001,218,5273477
Arizona,2002,215,5396255
Arizona,2003,222,5510364
Arizona,2004,227,5652404
Arizona,2005,279,5839077
Arizona,2006,252,6029141
Arizona,2007,254,6167681
Arizona,2008,273,6280362
Arizona,2009,278,6343154
Arizona,2010,275,6402172
Arizona,2011,278,6447287
Arizona,2012,340,6508584
Arizona,2013,329,6564810
Arizona,2014,360,6639874
Arizona,2015,332,6716074
Arizona,2016,343,6803119
Arizona,2017,344,6880741
Arizona,2018,366,6970505
Arizona,2019,380,7070808
Arizona,2020,392,7179943
Arizona,2021,396,7264877
Arkansas,1999,172,2651860
Arkansas,2000,161,2678588
Arkansas,2001,140,2691571
Arkansas,2002,154,2705927
Arkansas,2003,148,2724816
Arkansas,2004,147,2749686
Arkansas,2005,146,2781097
Arkansas,2006,134,2821761
Arkansas,2007,173,2848650
Arkansas,2008,158,2874554
Arkansas,2009,164,2896843
Arkansas,2010,157,2921608
Arkansas,2011,157,2938936
Arkansas,2012,175,2949008
Arkansas,2013,168,2954791
Arkansas,2014,168,2961247
Arkansas,2015,197,2970399
Arkansas,2016,181,2980570
Arkansas,2017,159,2990582
Arkansas,2018,162,2997060
Arkansas,2019,180,3004141
Arkansas,2020,201,3014195
Arkansas,2021,184,3028122
California,1999,1442,33499204
California,2000,1380,33987977
California,2001,1361,34479458
California,2002,1409,34871843
California,2003,1413,35253159
California,2004,1388,35574576
California,2005,1476,35827943
California,2006,1421,36021202
California,2007,1481,36250311
California,2008,1513,36604337
California,2009,1566,36961229
California,2010,1528,37322860
California,2011,1622,37653337
California,2012,1714,37974434
California,2013,1709,38296038
California,2014,1749,38640488
California,2015,1826,38969769
California,2016,1887,39225383
California,2017,1801,39423395
California,2018,1958,39534267
California,2019,1909,39546660
California,2020,2094,39501653
California,2021,2042,39142991
Colorado,1999,163,4226018
Colorado,2000,167,4326921
Colorado,2001,172,4425687
Colorado,2002,174,4490406
Colorado,2003,206,4528732
Colorado,2004,176,4575013
Colorado,2005,186,4631888
Colorado,2006,199,4720423
Colorado,2007,208,4803868
Colorado,2008,207,4889730
Colorado,2009,216,4972195
Colorado,2010,226,5047145
Colorado,2011,214,5119705
Colorado,2012,243,5189492
Colorado,2013,256,5264410
Colorado,2014,243,5343818
Colorado,2015,238,5442972
Colorado,2016,275,5529732
Colorado,2017,267,5600301
Colorado,2018,258,5677250
Colorado,2019,296,5735919
Colorado,2020,273,5784865
Colorado,2021,288,5811297
Connecticut,1999,157,3386401
Connecticut,2000,165,3411777
Connecticut,2001,151,3432835
Connecticut,2002,146,3458749
Connecticut,2003,153,3484336
Connecticut,2004,155,3496094
Connecticut,2005,166,3506956
Connecticut,2006,154,3517460
Connecticut,2007,154,3527270
Connecticut,2008,153,3545579
Connecticut,2009,182,3561807
Connecticut,2010,199,3580397
Connecticut,2011,171,3594525
Connecticut,2012,168,3605729
Connecticut,2013,155,3610808
Connecticut,2014,189,3615128
Connecticut,2015,212,3612364
Connecticut,2016,203,3607920
Connecticut,2017,186,3607571
Connecticut,2018,196,3611228
Connecticut,2019,200,3607128
Connecticut,2020,240,3597362
Connecticut,2021,220,3623355
Delaware,1999,36,774990
Delaware,2000,39,786373
Delaware,2001,46,795699
Delaware,2002,40,806169
Delaware,2003,34,818003
Delaware,2004,33,830803
Delaware,2005,39,845150
Delaware,2006,46,859268
Delaware,2007,35,871749
Delaware,2008,50,883874
Delaware,2009,42,891730
Delaware,2010,30,899782
Delaware,2011,45,908309
Delaware,2012,47,916823
Delaware,2013,53,925913
Delaware,2014,43,935476
Delaware,2015,38,944928
Delaware,2016,67,953302
Delaware,2017,51,961655
Delaware,2018,47,971164
Delaware,2019,45,981319
Delaware,2020,52,992114
Delaware,2021,59,1004807
District of Columbia,2000,18,572046
District of Columbia,2001,22,574504
District of Columbia,2002,17,573158
District of Columbia,2003,16,568502
District of Columbia,2004,18,567754
District of Columbia,2005,17,567136
District of Columbia,2006,21,570681
District of Columbia,2008,24,580236
District of Columbia,2009,26,592228
District of Columbia,2010,19,604863
District of Columbia,2011,16,617919
District of Columbia,2012,18,631263
District of Columbia,2013,18,644892
District of Columbia,2014,18,654680
District of Columbia,2017,18,680978
District of Columbia,2018,30,685637
District of Columbia,2019,31,687406
District of Columbia,2021,16,668791
Florida,1999,773,15759421
Florida,2000,907,16047515
Florida,2001,902,16356966
Florida,2002,858,16689370
Florida,2003,818,17004085
Florida,2004,840,17415318
Florida,2005,889,17842038
Florida,2006,860,18166990
Florida,2007,851,18367842
Florida,2008,867,18527305
Florida,2009,918,18652644
Florida,2010,974,18843093
Florida,2011,1011,19040534
Florida,2012,1080,19274146
Florida,2013,1022,19510365
Florida,2014,1114,19798068
Florida,2015,1181,20148144
Florida,2016,1094,20539843
Florida,2017,1224,20872368
Florida,2018,1201,21134065
Florida,2019,1254,21354226
Florida,2020,1368,21589602
Florida,2021,1354,21828069
Georgia,1999,288,8045965
Georgia,2000,294,8227303
Georgia,2001,285,8377038
Georgia,2002,318,8508256
Georgia,2003,299,8622793
Georgia,2004,285,8769252
Georgia,2005,312,8925922
Georgia,2006,319,9155813
Georgia,2007,327,9349988
Georgia,2008,362,9504843
Georgia,2009,351,9620846
Georgia,2010,371,9712592
Georgia,2011,407,9805864
Georgia,2012,395,9907486
Georgia,2013,418,9981153
Georgia,2014,480,10078167
Georgia,2015,446,10191832
Georgia,2016,473,10318397
Georgia,2017,458,10427909
Georgia,2018,501,10531842
Georgia,2019,488,10642563
Georgia,2020,529,10729828
Georgia,2021,513,10788029
Hawaii,1999,30,1210300
Hawaii,2000,35,1213519
Hawaii,2001,33,1225948
Hawaii,2002,39,1239613
Hawaii,2003,50,1251154
Hawaii,2004,34,1273569
Hawaii,2005,35,1292729
Hawaii,2006,30,1309731
Hawaii,2007,30,1315675
Hawaii,2008,30,1332213
Hawaii,2009,46,1346717
Hawaii,2010,37,1365018
Hawaii,2011,36,1385040
Hawaii,2012,44,1405271
Hawaii,2013,48,1423518
Hawaii,2014,48,1434580
Hawaii,2015,43,1446862
Hawaii,2016,62,1457357
Hawaii,2017,52,1458538
Hawaii,2018,51,1460197
Hawaii,2019,44,1456992
Hawaii,2020,50,1451043
Hawaii,2021,54,1447154
Idaho,1999,79,1275674
Idaho,2000,67,1299430
Idaho,2001,63,1319962
Idaho,2002,59,1340372
Idaho,2003,82,1363380
Idaho,2004,70,1391802
Idaho,2005,81,1428241
Idaho,2006,78,1468669
Idaho,2007,72,1505105
Idaho,2008,73,1534320
Idaho,2009,75,1554439
Idaho,2010,77,1571271
Idaho,2011,77,1586608
Idaho,2012,83,1600106
Idaho,2013,82,1618119
Idaho,2014,106,1640256
Idaho,2015,98,1662458
Idaho,2016,99,1696174
Idaho,2017,95,1734037
Idaho,2018,100,1768548
Idaho,2019,117,1808067
Idaho,2020,98,1849202
Idaho,2021,94,1904314
Illinois,1999,527,12359020
Illinois,2000,502,12434161
Illinois,2001,553,12488445
Illinois,2002,467,12525556
Illinois,2003,501,12556006
Illinois,2004,511,12589773
Illinois,2005,445,12609903
Illinois,2006,510,12643955
Illinois,2007,497,12695866
Illinois,2008,501,12747038
Illinois,2009,570,12796778
Illinois,2010,545,12845651
Illinois,2011,550,12893479
Illinois,2012,594,12929231
Illinois,2013,583,12962244
Illinois,2014,612,12971447
Illinois,2015,605,12965660
Illinois,2016,626,12947127
Illinois,2017,611,12924024
Illinois,2018,608,12887977
Illinois,2019,616,12849672
Illinois,2020,660,12786580
Illinois,2021,679,12686469
Indiana,1999,289,6044969
Indiana,2000,269,6091866
Indiana,2001,291,6127760
Indiana,2002,302,6155967
Indiana,2003,299,6196638
Indiana,2004,288,6233007
Indiana,2005,278,6278616
Indiana,2006,298,6332669
Indiana,2007,314,6379599
Indiana,2008,334,6424806
Indiana,2009,302,6459325
Indiana,2010,278,6491454
Indiana,2011,333,6521740
Indiana,2012,357,6546884
Indiana,2013,324,6581794
Indiana,2014,327,6610377
Indiana,2015,354,6628952
Indiana,2016,350,6658414
Indiana,2017,350,6685534
Indiana,2018,358,6725385
Indiana,2019,351,6761599
Indiana,2020,368,6788799
Indiana,2021,355,6813532
Iowa,1999,166,2917634
Iowa,2000,148,2929067
Iowa,2001,163,2931997
Iowa,2002,162,2934234
Iowa,2003,181,2941999
Iowa,2004,160,2953635
Iowa,2005,179,2964454
Iowa,2006,176,2982644
Iowa,2007,177,2999212
Iowa,2008,182,3016734
Iowa,2009,204,3032870
Iowa,2010,172,3051494
Iowa,2011,157,3070205
Iowa,2012,171,3082954
Iowa,2013,198,3102674
Iowa,2014,172,3121957
Iowa,2015,200,3136422
Iowa,2016,197,3149612
Iowa,2017,176,3162567
Iowa,2018,190,3171332
Iowa,2019,199,3183752
Iowa,2020,179,3190571
Iowa,2021,181,3197689
Kansas,1999,140,2678338
Kansas,2000,127,2693681
Kansas,2001,141,2702162
Kansas,2002,155,2713535
Kansas,2003,144,2723004
Kansas,2004,152,2734373
Kansas,2005,156,2745299
Kansas,2006,149,2762931
Kansas,2007,135,2783785
Kansas,2008,146,2808076
Kansas,2009,149,2832704
Kansas,2010,134,2858825
Kansas,2011,177,2872711
Kansas,2012,173,2891541
Kansas,2013,169,2902190
Kansas,2014,170,2912032
Kansas,2015,156,2923211
Kansas,2016,151,2927628
Kansas,2017,170,2927546
Kansas,2018,178,2931560
Kansas,2019,173,2933672
Kansas,2020,179,2937919
Kansas,2021,168,2937922
Kentucky,1999,188,4018053
Kentucky,2000,190,4049021
Kentucky,2001,203,4068132
Kentucky,2002,194,4089875
Kentucky,2003,208,4117170
Kentucky,2004,169,4146101
Kentucky,2005,180,4182742
Kentucky,2006,179,4219239
Kentucky,2007,222,4256672
Kentucky,2008,223,4289878
Kentucky,2009,217,4317074
Kentucky,2010,231,4349251
Kentucky,2011,224,4374688
Kentucky,2012,245,4394720
Kentucky,2013,232,4416640
Kentucky,2014,237,4429473
Kentucky,2015,246,4444354
Kentucky,2016,292,4458147
Kentucky,2017,246,4475884
Kentucky,2018,265,4487280
Kentucky,2019,244,4498126
Kentucky,2020,267,4507445
Kentucky,2021,273,4506589
Louisiana,1999,182,4460811
Louisiana,2000,164,4471885
Louisiana,2001,199,4477875
Louisiana,2002,179,4497267
Louisiana,2003,214,4521042
Louisiana,2004,193,4552238
Louisiana,2005,221,4411396
Louisiana,2006,196,4302665
Louisiana,2007,196,4375581
Louisiana,2008,196,4435586
Louisiana,2009,198,4491648
Louisiana,2010,197,4544928
Louisiana,2011,191,4577373
Louisiana,2012,225,4603999
Louisiana,2013,223,4628588
Louisiana,2014,203,4649031
Louisiana,2015,243,4670668
Louisiana,2016,212,4685626
Louisiana,2017,252,4678411
Louisiana,2018,218,4669777
Louisiana,2019,234,4664413
Louisiana,2020,234,4651664
Louisiana,2021,219,4627098
Maine,1999,77,1266808
Maine,2000,71,1277072
Maine,2001,69,1285692
Maine,2002,77,1295960
Maine,2003,68,1306513
Maine,2004,79,1313688
Maine,2005,80,1318787
Maine,2006,77,1323619
Maine,2007,69,1327040
Maine,2008,85,1330509
Maine,2009,92,1329590
Maine,2010,85,1328010
Maine,2011,81,1330080
Maine,2012,82,1330995
Maine,2013,80,1332694
Maine,2014,106,1336605
Maine,2015,90,1335719
Maine,2016,93,1340190
Maine,2017,96,1344770
Maine,2018,112,1350446
Maine,2019,97,1357412
Maine,2020,109,1363557
Maine,2021,95,1377238
Maryland,1999,197,5254509
Maryland,2000,207,5311034
Maryland,2001,222,5374691
Maryland,2002,207,5440389
Maryland,2003,234,5496269
Maryland,2004,236,5546935
Maryland,2005,194,5592379
Maryland,2006,208,5627367
Maryland,2007,223,5653408
Maryland,2008,225,5684965
Maryland,2009,244,5730388
Maryland,2010,244,5791559
Maryland,2011,245,5854468
Maryland,2012,256,5914093
Maryland,2013,278,5962508
Maryland,2014,271,6009034
Maryland,2015,285,6049277
Maryland,2016,266,6079471
Maryland,2017,278,6112265
Maryland,2018,287,6138241
Maryland,2019,270,6163339
Maryland,2020,313,6173205
Maryland,2021,282,6174610
Massachusetts,1999,305,6317345
Massachusetts,2000,310,6361104
Massachusetts,2001,267,6397634
Massachusetts,2002,288,6417206
Massachusetts,2003,292,6422565
Massachusetts,2004,274,6412281
Massachusetts,2005,285,6403290
Massachusetts,2006,297,6410084
Massachusetts,2007,296,6431559
Massachusetts,2008,293,6468967
Massachusetts,2009,346,6517613
Massachusetts,2010,288,6569701
Massachusetts,2011,326,6630477
Massachusetts,2012,317,6693498
Massachusetts,2013,334,6757408
Massachusetts,2014,348,6820127
Massachusetts,2015,383,6865806
Massachusetts,2016,395,6908610
Massachusetts,2017,397,6957964
Massachusetts,2018,376,6993570
Massachusetts,2019,417,7016294
Massachusetts,2020,410,6995729
Massachusetts,2021,394,6989690
Michigan,1999,436,9897116
Michigan,2000,499,9952450
Michigan,2001,478,9991120
Michigan,2002,487,10015710
Michigan,2003,476,10041152
Michigan,2004,473,10055315
Michigan,2005,505,10051137
Michigan,2006,499,10036081
Michigan,2007,502,10001284
Michigan,2008,567,9946889
Michigan,2009,529,9901591
Michigan,2010,532,9880313
Michigan,2011,515,9896397
Michigan,2012,553,9922016
Michigan,2013,522,9948690
Michigan,2014,551,9975858
Michigan,2015,553,9988208
Michigan,2016,601,10017593
Michigan,2017,566,10049753
Michigan,2018,566,10070378
Michigan,2019,605,10078062
Michigan,2020,626,10069577
Michigan,2021,609,10037504
Minnesota,1999,243,4873481
Minnesota,2000,261,4933692
Minnesota,2001,249,4982796
Minnesota,2002,234,5018935
Minnesota,2003,240,5053572
Minnesota,2004,228,5087713
Minnesota,2005,202,5119598
Minnesota,2006,211,5163555
Minnesota,2007,261,5207203
Minnesota,2008,243,5247018
Minnesota,2009,248,5281203
Minnesota,2010,268,5312209
Minnesota,2011,264,5353021
Minnesota,2012,273,5388955
Minnesota,2013,259,5431143
Minnesota,2014,286,5473986
Minnesota,2015,316,5510274
Minnesota,2016,304,5556571
Minnesota,2017,307,5605359
Minnesota,2018,320,5650009
Minnesota,2019,301,5686651
Minnesota,2020,310,5709852
Minnesota,2021,315,5711471
Mississippi,1999,174,2828408
Mississippi,2000,159,2848353
Mississippi,2001,143,2852994
Mississippi,2002,149,2858681
Mississippi,2003,142,2868312
Mississippi,2004,143,2889010
Mississippi,2005,160,2876229
Mississippi,2006,125,2904978
Mississippi,2007,133,2928350
Mississippi,2008,138,2947806
Mississippi,2009,137,2958774
Mississippi,2010,139,2970442
Mississippi,2011,150,2978033
Mississippi,2012,167,2982537
Mississippi,2013,173,2986809
Mississippi,2014,193,2987798
Mississippi,2015,181,2985137
Mississippi,2016,166,2984394
Mississippi,2017,156,2983264
Mississippi,2018,177,2974473
Mississippi,2019,201,2968837
Mississippi,2020,174,2958141
Mississippi,2021,183,2949586
Missouri,1999,288,5561948
Missouri,2000,286,5607285
Missouri,2001,265,5641142
Missouri,2002,267,5674825
Missouri,2003,268,5709403
Missouri,2004,286,5747741
Missouri,2005,287,5790300
Missouri,2006,265,5842704
Missouri,2007,296,5887612
Missouri,2008,307,5923916
Missouri,2009,313,5961088
Missouri,2010,292,5996222
Missouri,2011,288,6011737
Missouri,2012,315,6026931
Missouri,2013,306,6044141
Missouri,2014,313,6060439
Missouri,2015,293,6076986
Missouri,2016,344,6093107
Missouri,2017,340,6113058
Missouri,2018,327,6128072
Missouri,2019,349,6143129
Missouri,2020,375,6153998
Missouri,2021,374,6169823
Montana,1999,48,897507
Montana,2000,53,903773
Montana,2001,40,906961
Montana,2002,46,911667
Montana,2003,55,919630
Montana,2004,47,930009
Montana,2005,54,940102
Montana,2006,49,952692
Montana,2007,55,964706
Montana,2008,51,976415
Montana,2009,39,983982
Montana,2010,56,990886
Montana,2011,67,998287
Montana,2012,58,1005513
Montana,2013,53,1016086
Montana,2014,60,1025173
Montana,2015,72,1034608
Montana,2016,63,1045787
Montana,2017,64,1058018
Montana,2018,66,1066548
Montana,2019,67,1075445
Montana,2020,71,1087075
Montana,2021,77,1106227
Nebraska,1999,96,1704764
Nebraska,2000,101,1713820
Nebraska,2001,86,1719836
Nebraska,2002,89,1728292
Nebraska,2003,82,1738643
Nebraska,2004,96,1749370
Nebraska,2005,90,1761497
Nebraska,2006,80,1772693
Nebraska,2007,104,1783440
Nebraska,2008,104,1796378
Nebraska,2009,97,1812683
Nebraska,2010,88,1830136
Nebraska,2011,116,1843859
Nebraska,2012,97,1859010
Nebraska,2013,110,1873526
Nebraska,2014,104,1890039
Nebraska,2015,109,1904556
Nebraska,2016,107,1921380
Nebraska,2017,110,1934253
Nebraska,2018,111,1945249
Nebraska,2019,117,1954871
Nebraska,2020,125,1962642
Nebraska,2021,121,1963554
Nevada,1999,81,1934718
Nevada,2000,85,2018741
Nevada,2001,71,2098399
Nevada,2002,79,2173791
Nevada,2003,98,2248850
Nevada,2004,94,2346222
Nevada,2005,99,2432143
Nevada,2006,110,2522658
Nevada,2007,100,2601072
Nevada,2008,112,2653630
Nevada,2009,96,2684665
Nevada,2010,110,2702108
Nevada,2011,123,2710920
Nevada,2012,128,2740507
Nevada,2013,113,2770623
Nevada,2014,141,2810296
Nevada,2015,144,2857453
Nevada,2016,164,2905881
Nevada,2017,173,2955661
Nevada,2018,150,3011644
Nevada,2019,128,3069012
Nevada,2020,169,3115648
Nevada,2021,137,3146402
New Hampshire,1999,62,1222014
New Hampshire,2000,57,1239882
New Hampshire,2001,63,1255517
New Hampshire,2002,71,1269089
New Hampshire,2003,53,1279840
New Hampshire,2004,72,1290121
New Hampshire,2005,66,1298492
New Hampshire,2006,71,1308389
New Hampshire,2007,62,1312540
New Hampshire,2008,69,1315906
New Hampshire,2009,70,1316102
New Hampshire,2010,79,1317134
New Hampshire,2011,74,1321998
New Hampshire,2012,73,1327457
New Hampshire,2013,67,1331251
New Hampshire,2014,89,1339410
New Hampshire,2015,75,1343799
New Hampshire,2016,93,1351170
New Hampshire,2017,77,1358989
New Hampshire,2018,82,1364844
New Hampshire,2019,94,1371796
New Hampshire,2020,111,1378587
New Hampshire,2021,88,1387505
New Jersey,1999,349,8359592
New Jersey,2000,339,8430621
New Jersey,2001,326,8492671
New Jersey,2002,323,8552643
New Jersey,2003,313,8601402
New Jersey,2004,356,8634561
New Jersey,2005,349,8651974
New Jersey,2006,325,8661679
New Jersey,2007,363,8677885
New Jersey,2008,330,8711090
New Jersey,2009,353,8755602
New Jersey,2010,364,8809128
New Jersey,2011,379,8877379
New Jersey,2012,395,8933878
New Jersey,2013,364,8985399
New Jersey,2014,449,9034241
New Jersey,2015,420,9076853
New Jersey,2016,464,9119889
New Jersey,2017,460,9174435
New Jersey,2018,454,9218359
New Jersey,2019,481,9258521
New Jersey,2020,451,9271689
New Jersey,2021,449,9267961
New Mexico,1999,68,1808082
New Mexico,2000,57,1821204
New Mexico,2001,71,1831690
New Mexico,2002,62,1855309
New Mexico,2003,73,1877574
New Mexico,2004,78,1903808
New Mexico,2005,70,1932274
New Mexico,2006,75,1962137
New Mexico,2007,65,1990070
New Mexico,2008,94,2010662
New Mexico,2009,71,2036802
New Mexico,2010,86,2064960
New Mexico,2011,88,2082326
New Mexico,2012,80,2090451
New Mexico,2013,77,2096715
New Mexico,2014,89,2095241
New Mexico,2015,99,2096226
New Mexico,2016,89,2099738
New Mexico,2017,113,2100953
New Mexico,2018,92,2103001
New Mexico,2019,117,2110085
New Mexico,2020,104,2118390
New Mexico,2021,108,2116677
New York,1999,761,18882725
New York,2000,712,19001780
New York,2001,709,19082838
New York,2002,761,19137800
New York,2003,707,19175939
New York,2004,749,19171567
New York,2005,785,19132610
New York,2006,753,19104631
New York,2007,765,19132335
New York,2008,739,19212436
New York,2009,819,19307066
New York,2010,808,19419863
New York,2011,783,19601165
New York,2012,863,19758027
New York,2013,840,19893001
New York,2014,894,20002920
New York,2015,862,20090146
New York,2016,926,20152006
New York,2017,922,20190421
New York,2018,946,20222058
New York,2019,893,20221642
New York,2020,925,20108296
New York,2021,931,19857492
North Carolina,1999,372,7949361
North Carolina,2000,378,8081614
North Carolina,2001,346,8210122
North Carolina,2002,381,8326201
North Carolina,2003,392,8422501
North Carolina,2004,370,8553152
North Carolina,2005,360,8705407
North Carolina,2006,351,8917270
North Carolina,2007,385,9118037
North Carolina,2008,405,9309449
North Carolina,2009,392,9449566
North Carolina,2010,445,9571277
North Carolina,2011,461,9642058
North Carolina,2012,494,9721096
North Carolina,2013,509,9801964
North Carolina,2014,485,9878202
North Carolina,2015,487,9963875
North Carolina,2016,484,10073791
North Carolina,2017,517,10172753
North Carolina,2018,510,10273719
North Carolina,2019,504,10369674
North Carolina,2020,516,10449445
North Carolina,2021,559,10565885
North Dakota,1999,39,644259
North Dakota,2000,24,642023
North Dakota,2001,41,639062
North Dakota,2002,38,638168
North Dakota,2003,27,638817
North Dakota,2004,27,644705
North Dakota,2005,35,646089
North Dakota,2006,44,649422
North Dakota,2007,32,652822
North Dakota,2008,27,657569
North Dakota,2009,36,664968
North Dakota,2010,23,675050
North Dakota,2011,29,687105
North Dakota,2012,31,705060
North Dakota,2013,45,727366
North Dakota,2014,40,744371
North Dakota,2015,36,762686
North Dakota,2016,29,764570
North Dakota,2017,36,766510
North Dakota,2018,39,771293
North Dakota,2019,40,776433
North Dakota,2020,36,779518
North Dakota,2021,41,777934
Ohio,1999,555,11335454
Ohio,2000,518,11363543
Ohio,2001,530,11387404
Ohio,2002,542,11407889
Ohio,2003,544,11434788
Ohio,2004,551,11452251
Ohio,2005,529,11463320
Ohio,2006,555,11481213
Ohio,2007,532,11500468
Ohio,2008,598,11515391
Ohio,2009,580,11528896
Ohio,2010,599,11542128
Ohio,2011,550,11559008
Ohio,2012,606,11574520
Ohio,2013,618,11613299
Ohio,2014,630,11649926
Ohio,2015,638,11675407
Ohio,2016,684,11702662
Ohio,2017,693,11737441
Ohio,2018,659,11762453
Ohio,2019,674,11788224
Ohio,2020,667,11797517
Ohio,2021,653,11764342
Oklahoma,1999,166,3437147
Oklahoma,2000,184,3454365
Oklahoma,2001,164,3467100
Oklahoma,2002,186,3489080
Oklahoma,2003,190,3504892
Oklahoma,2004,168,3525233
Oklahoma,2005,183,3548597
Oklahoma,2006,164,3594090
Oklahoma,2007,173,3634349
Oklahoma,2008,208,3668976
Oklahoma,2009,169,3717572
Oklahoma,2010,194,3759526
Oklahoma,2011,217,3786469
Oklahoma,2012,178,3815060
Oklahoma,2013,184,3847764
Oklahoma,2014,205,3871075
Oklahoma,2015,222,3900539
Oklahoma,2016,228,3916227
Oklahoma,2017,215,3919641
Oklahoma,2018,237,3927760
Oklahoma,2019,220,3943416
Oklahoma,2020,228,3964912
Oklahoma,2021,257,3991225
Oregon,1999,155,3393941
Oregon,2000,171,3429708
Oregon,2001,174,3467937
Oregon,2002,223,3513424
Oregon,2003,199,3547376
Oregon,2004,205,3569463
Oregon,2005,235,3613202
Oregon,2006,179,3670883
Oregon,2007,210,3722417
Oregon,2008,202,3768748
Oregon,2009,230,3808600
Oregon,2010,199,3837741
Oregon,2011,220,3873101
Oregon,2012,230,3900726
Oregon,2013,251,3924800
Oregon,2014,257,3966087
Oregon,2015,249,4019120
Oregon,2016,211,4093653
Oregon,2017,246,4147332
Oregon,2018,259,4183420
Oregon,2019,237,4215984
Oregon,2020,258,4244795
Oregon,2021,281,4256301
Pennsylvania,1999,619,12263805
Pennsylvania,2000,574,12284173
Pennsylvania,2001,614,12298970
Pennsylvania,2002,565,12331031
Pennsylvania,2003,596,12374658
Pennsylvania,2004,606,12410722
Pennsylvania,2005,577,12449990
Pennsylvania,2006,577,12510809
Pennsylvania,2007,601,12563937
Pennsylvania,2008,585,12612285
Pennsylvania,2009,668,12666858
Pennsylvania,2010,655,12716726
Pennsylvania,2011,625,12773677
Pennsylvania,2012,650,12816841
Pennsylvania,2013,693,12848096
Pennsylvania,2014,677,12881526
Pennsylvania,2015,724,12899483
Pennsylvania,2016,770,12918474
Pennsylvania,2017,732,12944712
Pennsylvania,2018,778,12980055
Pennsylvania,2019,736,12990948
Pennsylvania,2020,762,12994440
Pennsylvania,2021,807,13012059
Rhode Island,1999,65,1040402
Rhode Island,2000,66,1050268
Rhode Island,2001,44,1057142
Rhode Island,2002,58,1065995
Rhode Island,2003,60,1071342
Rhode Island,2004,58,1074579
Rhode Island,2005,65,1067916
Rhode Island,2006,50,1063096
Rhode Island,2007,39,1057315
Rhode Island,2008,50,1055003
Rhode Island,2009,48,1053646
Rhode Island,2010,54,1054925
Rhode Island,2011,38,1058765
Rhode Island,2012,63,1063778
Rhode Island,2013,46,1068360
Rhode Island,2014,66,1073243
Rhode Island,2015,58,1077549
Rhode Island,2016,64,1082407
Rhode Island,2017,72,1084973
Rhode Island,2018,58,1091774
Rhode Island,2019,75,1094557
Rhode Island,2020,63,1096345
Rhode Island,2021,62,1096985
South Carolina,1999,217,3974682
South Carolina,2000,199,4024223
South Carolina,2001,160,4064995
South Carolina,2002,198,4107795
South Carolina,2003,191,4150297
South Carolina,2004,198,4210921
South Carolina,2005,198,4270150
South Carolina,2006,199,4357847
South Carolina,2007,208,4444110
South Carolina,2008,213,4528996
South Carolina,2009,209,4589872
South Carolina,2010,218,4634069
South Carolina,2011,241,4663322
South Carolina,2012,236,4701891
South Carolina,2013,230,4741212
South Carolina,2014,270,4793110
South Carolina,2015,254,4853451
South Carolina,2016,298,4911300
South Carolina,2017,295,4965865
South Carolina,2018,306,5021106
South Carolina,2019,300,5077557
South Carolina,2020,323,5131848
South Carolina,2021,271,5193266
South Dakota,1999,61,750412
South Dakota,2000,46,755844
South Dakota,2001,39,757972
South Dakota,2002,46,760020
South Dakota,2003,51,763729
South Dakota,2004,49,770396
South Dakota,2005,34,775493
South Dakota,2006,36,783033
South Dakota,2007,45,791623
South Dakota,2008,42,799124
South Dakota,2009,53,807067
South Dakota,2010,55,816075
South Dakota,2011,52,823139
South Dakota,2012,52,832774
South Dakota,2013,53,841107
South Dakota,2014,52,847504
South Dakota,2015,55,851959
South Dakota,2016,52,860454
South Dakota,2017,59,869948
South Dakota,2018,49,875092
South Dakota,2019,61,882398
South Dakota,2020,51,887799
South Dakota,2021,60,896164
Tennessee,1999,281,5638706
Tennessee,2000,292,5703719
Tennessee,2001,298,5750789
Tennessee,2002,341,5795918
Tennessee,2003,346,5847812
Tennessee,2004,356,5910809
Tennessee,2005,331,5991057
Tennessee,2006,329,6088766
Tennessee,2007,293,6175727
Tennessee,2008,319,6247411
Tennessee,2009,372,6306019
Tennessee,2010,315,6356365
Tennessee,2011,322,6404474
Tennessee,2012,334,6463252
Tennessee,2013,387,6507686
Tennessee,2014,381,6558608
Tennessee,2015,318,6612788
Tennessee,2016,364,6672115
Tennessee,2017,405,6738820
Tennessee,2018,384,6805988
Tennessee,2019,401,6862031
Tennessee,2020,407,6925619
Tennessee,2021,374,6968351
Texas,1999,847,20558220
Texas,2000,844,20944499
Texas,2001,867,21319622
Texas,2002,896,21690325
Texas,2003,872,22030931
Texas,2004,836,22394023
Texas,2005,893,22773020
Texas,2006,893,23359580
Texas,2007,871,23831983
Texas,2008,882,24309039
Texas,2009,951,24801761
Texas,2010,927,25238866
Texas,2011,932,25630837
Texas,2012,1041,26056872
Texas,2013,1080,26438948
Texas,2014,1090,26908012
Texas,2015,1140,27398609
Texas,2016,1197,27828636
Texas,2017,1169,28189190
Texas,2018,1209,28507509
Texas,2019,1219,28855292
Texas,2020,1272,29232474
Texas,2021,1276,29558864
Utah,1999,85,2203482
Utah,2000,82,2244502
Utah,2001,72,2283715
Utah,2002,86,2324815
Utah,2003,86,2360137
Utah,2004,80,2401580
Utah,2005,88,2457719
Utah,2006,108,2525507
Utah,2007,91,2597746
Utah,2008,101,2663029
Utah,2009,92,2723421
Utah,2010,82,2776098
Utah,2011,110,2818441
Utah,2012,113,2860751
Utah,2013,120,2908385
Utah,2014,118,2950938
Utah,2015,124,2999375
Utah,2016,124,3063287
Utah,2017,126,3125843
Utah,2018,131,3180895
Utah,2019,141,3232697
Utah,2020,157,3283785
Utah,2021,136,3339113
Vermont,1999,23,604683
Vermont,2000,26,609618
Vermont,2001,26,612223
Vermont,2002,31,615442
Vermont,2003,30,617858
Vermont,2004,27,619920
Vermont,2005,31,621215
Vermont,2006,34,622892
Vermont,2007,34,623481
Vermont,2008,33,624151
Vermont,2009,26,624817
Vermont,2010,46,626351
Vermont,2011,42,629629
Vermont,2012,45,630795
Vermont,2013,48,632965
Vermont,2014,37,633950
Vermont,2015,48,635990
Vermont,2016,34,636440
Vermont,2017,61,639104
Vermont,2018,42,640683
Vermont,2019,45,641853
Vermont,2020,50,642893
Vermont,2021,47,646972
Virginia,1999,286,7000174
Virginia,2000,279,7105817
Virginia,2001,300,7198362
Virginia,2002,265,7286873
Virginia,2003,276,7366977
Virginia,2004,292,7475575
Virginia,2005,310,7577105
Virginia,2006,272,7673725
Virginia,2007,303,7751000
Virginia,2008,316,7833496
Virginia,2009,316,7925937
Virginia,2010,356,8025154
Virginia,2011,340,8108207
Virginia,2012,357,8197707
Virginia,2013,357,8270503
Virginia,2014,379,8334299
Virginia,2015,389,8390504
Virginia,2016,420,8444897
Virginia,2017,415,8502171
Virginia,2018,445,8546408
Virginia,2019,404,8596990
Virginia,2020,469,8636471
Virginia,2021,431,8657365
Washington,1999,336,5842564
Washington,2000,322,5910512
Washington,2001,331,5985722
Washington,2002,323,6052349
Washington,2003,342,6104115
Washington,2004,335,6178645
Washington,2005,347,6257305
Washington,2006,333,6370753
Washington,2007,316,6461587
Washington,2008,365,6562231
Washington,2009,346,6667426
Washington,2010,378,6743763
Washington,2011,382,6831076
Washington,2012,386,6904891
Washington,2013,374,6975101
Washington,2014,378,7068832
Washington,2015,397,7181177
Washington,2016,428,7316335
Washington,2017,433,7446641
Washington,2018,433,7548220
Washington,2019,461,7638484
Washington,2020,445,7724031
Washington,2021,469,7740745
West Virginia,1999,90,1811799
West Virginia,2000,75,1807021
West Virginia,2001,95,1801481
West Virginia,2002,100,1805414
West Virginia,2003,89,1812295
West Virginia,2004,101,1816438
West Virginia,2005,108,1820492
West Virginia,2006,84,1827912
West Virginia,2007,105,1834052
West Virginia,2008,101,1840310
West Virginia,2009,100,1847775
West Virginia,2010,107,1854428
West Virginia,2011,77,1857508
West Virginia,2012,115,1859012
West Virginia,2013,105,1856971
West Virginia,2014,115,1853340
West Virginia,2015,116,1846651
West Virginia,2016,113,1836221
West Virginia,2017,117,1822823
West Virginia,2018,111,1810562
West Virginia,2019,115,1800427
West Virginia,2020,112,1791420
West Virginia,2021,119,1785526
Wisconsin,1999,253,5332666
Wisconsin,2000,269,5373999
Wisconsin,2001,262,5406835
Wisconsin,2002,267,5445162
Wisconsin,2003,269,5479203
Wisconsin,2004,246,5514026
Wisconsin,2005,282,5546166
Wisconsin,2006,271,5577655
Wisconsin,2007,278,5610775
Wisconsin,2008,332,5640996
Wisconsin,2009,306,5669264
Wisconsin,2010,293,5692094
Wisconsin,2011,355,5713582
Wisconsin,2012,293,5734585
Wisconsin,2013,328,5757711
Wisconsin,2014,341,5778715
Wisconsin,2015,339,5794297
Wisconsin,2016,343,5812359
Wisconsin,2017,343,5836099
Wisconsin,2018,355,5858390
Wisconsin,2019,338,5879993
Wisconsin,2020,366,5896271
Wisconsin,2021,376,5880101
Wyoming,1999,29,491780
Wyoming,2000,26,494300
Wyoming,2001,19,494657
Wyoming,2002,17,500017
Wyoming,2003,29,503453
Wyoming,2004,28,509106
Wyoming,2005,21,514157
Wyoming,2006,23,522667
Wyoming,2007,23,534876
Wyoming,2008,23,546043
Wyoming,2009,31,559851
Wyoming,2010,31,564429
Wyoming,2011,31,566898
Wyoming,2012,30,575540
Wyoming,2013,24,580983
Wyoming,2014,31,580983
Wyoming,2015,37,583719
Wyoming,2016,42,582021
Wyoming,2017,46,576248
Wyoming,2018,35,574787
Wyoming,2019,27,575356
Wyoming,2020,35,577605
Wyoming,2021,33,579483
