state,avg_max_aqi,avg_x90th_percentile_aqi,avg_median_aqi,year,avg_max_aqi_2020,avg_x90th_percentile_aqi_2020,avg_median_aqi_2020
Alabama,145.52380952380952,93.57142857142857,54.38095238095238,1999,NA,NA,NA
Alaska,107,51.666666666666664,23.666666666666668,1999,NA,NA,NA
Arizona,125.58333333333333,79.41666666666667,48.75,1999,NA,NA,NA
Arkansas,112.94444444444444,81.05555555555556,55.44444444444444,1999,NA,NA,NA
California,222.32142857142858,103.42857142857143,51.55357142857143,1999,NA,NA,NA
Canada,133,47,34,1999,NA,NA,NA
Colorado,131.2,53.5,30.366666666666667,1999,NA,NA,NA
Connecticut,211.875,99.375,44.5,1999,NA,NA,NA
Country Of Mexico,795.3333333333334,131.33333333333334,73.66666666666667,1999,NA,NA,NA
Delaware,205.66666666666666,123.66666666666667,55,1999,NA,NA,NA
District Of Columbia,210,129,63,1999,NA,NA,NA
Florida,133.42424242424244,68.75757575757575,39.121212121212125,1999,NA,NA,NA
Georgia,168.03225806451613,114.64516129032258,56,1999,NA,NA,NA
Hawaii,102.33333333333333,39.333333333333336,21.666666666666668,1999,NA,NA,NA
Idaho,124.42105263157895,51.78947368421053,27.894736842105264,1999,NA,NA,NA
Illinois,161.52173913043478,79,37.95652173913044,1999,NA,NA,NA
Indiana,159.1,103.36666666666666,47.86666666666667,1999,NA,NA,NA
Iowa,120.375,71.3125,42.75,1999,NA,NA,NA
Kansas,110,71.8,38.3,1999,NA,NA,NA
Kentucky,163.55263157894737,106.1842105263158,49.86842105263158,1999,NA,NA,NA
Louisiana,166.91666666666666,94.5,45.833333333333336,1999,NA,NA,NA
Maine,150.57142857142858,57.5,32.42857142857143,1999,NA,NA,NA
Maryland,196.6,124.73333333333333,45.6,1999,NA,NA,NA
Massachusetts,180.63636363636363,84.36363636363636,46.18181818181818,1999,NA,NA,NA
Michigan,166.3448275862069,97.55172413793103,41.758620689655174,1999,NA,NA,NA
Minnesota,78.95,47.7,26.8,1999,NA,NA,NA
Mississippi,142.1,90.7,51.15,1999,NA,NA,NA
Missouri,168.66666666666666,92.4,50.4,1999,NA,NA,NA
Montana,90.8,41.86666666666667,19.066666666666666,1999,NA,NA,NA
Nebraska,95.16666666666667,60.75,38.5,1999,NA,NA,NA
Nevada,143.57142857142858,71.42857142857143,43,1999,NA,NA,NA
New Hampshire,154.7,68.3,38.6,1999,NA,NA,NA
New Jersey,183.88235294117646,97.58823529411765,41.88235294117647,1999,NA,NA,NA
New Mexico,98.5,51.625,30.9375,1999,NA,NA,NA
New York,172.19354838709677,81.54838709677419,38.903225806451616,1999,NA,NA,NA
North Carolina,160.32,104.3,53.54,1999,NA,NA,NA
North Dakota,74,41.36363636363637,27.545454545454547,1999,NA,NA,NA
Ohio,168.0204081632653,100.91836734693878,46.244897959183675,1999,NA,NA,NA
Oklahoma,126.71428571428571,78.04761904761905,42.142857142857146,1999,NA,NA,NA
Oregon,119.9375,65.1875,37,1999,NA,NA,NA
Pennsylvania,191.02941176470588,102.8529411764706,45.44117647058823,1999,NA,NA,NA
Puerto Rico,70,51.733333333333334,31.2,1999,NA,NA,NA
Rhode Island,199.66666666666666,89.66666666666667,44,1999,NA,NA,NA
South Carolina,160.56,97.6,48.6,1999,NA,NA,NA
South Dakota,98,57,32.75,1999,NA,NA,NA
Tennessee,165.0344827586207,110.51724137931035,54.6551724137931,1999,NA,NA,NA
Texas,164.21428571428572,90.42857142857143,41.892857142857146,1999,NA,NA,NA
Utah,124.33333333333333,68.44444444444444,40.44444444444444,1999,NA,NA,NA
Vermont,138.75,68.5,39,1999,NA,NA,NA
Virgin Islands,80.66666666666667,49.666666666666664,23.333333333333332,1999,NA,NA,NA
Virginia,134.57142857142858,85.28571428571429,39.642857142857146,1999,NA,NA,NA
Washington,113.05,50.95,29.3,1999,NA,NA,NA
West Virginia,140.33333333333334,86.16666666666667,47.05555555555556,1999,NA,NA,NA
Wisconsin,167.59375,88.96875,42.46875,1999,NA,NA,NA
Wyoming,122.35714285714286,51.42857142857143,28.357142857142858,1999,NA,NA,NA
Alabama,151.13636363636363,96.45454545454545,55.86363636363637,2000,NA,NA,NA
Alaska,115.5,60,26,2000,NA,NA,NA
Arizona,105,70,43,2000,NA,NA,NA
Arkansas,107.95238095238095,79.95238095238095,55.76190476190476,2000,NA,NA,NA
California,569.2321428571429,97.39285714285714,48.5,2000,NA,NA,NA
Canada,75,50,32,2000,NA,NA,NA
Colorado,99.66666666666667,56.333333333333336,31.133333333333333,2000,NA,NA,NA
Connecticut,200.125,81.125,42.5,2000,NA,NA,NA
Country Of Mexico,488.6666666666667,140.66666666666666,74.33333333333333,2000,NA,NA,NA
Delaware,202,95.66666666666667,54.333333333333336,2000,NA,NA,NA
District Of Columbia,197,101,63,2000,NA,NA,NA
Florida,138.37142857142857,76.25714285714285,41.457142857142856,2000,NA,NA,NA
Georgia,169.1818181818182,98.03030303030303,54.24242424242424,2000,NA,NA,NA
Hawaii,87.5,36.25,20.75,2000,NA,NA,NA
Idaho,101.78947368421052,58.73684210526316,28.105263157894736,2000,NA,NA,NA
Illinois,137.45833333333334,74.04166666666667,40.25,2000,NA,NA,NA
Indiana,140.525,79.95,45.075,2000,NA,NA,NA
Iowa,116.83333333333333,70.5,41.77777777777778,2000,NA,NA,NA
Kansas,115.45454545454545,65.18181818181819,37.81818181818182,2000,NA,NA,NA
Kentucky,158.63888888888889,84.52777777777777,45,2000,NA,NA,NA
Louisiana,168.5,94.76923076923077,48.11538461538461,2000,NA,NA,NA
Maine,109.28571428571429,49.285714285714285,29.857142857142858,2000,NA,NA,NA
Maryland,184.66666666666666,92.86666666666666,44.2,2000,NA,NA,NA
Massachusetts,158.9090909090909,74,44.63636363636363,2000,NA,NA,NA
Michigan,145.06451612903226,71.2258064516129,40.16129032258065,2000,NA,NA,NA
Minnesota,105.77272727272727,64.27272727272727,32.59090909090909,2000,NA,NA,NA
Mississippi,153.22222222222223,95.88888888888889,55,2000,NA,NA,NA
Missouri,142.94444444444446,77.88888888888889,48.44444444444444,2000,NA,NA,NA
Montana,130.64705882352942,52.1764705882353,20.705882352941178,2000,NA,NA,NA
Nebraska,93.08333333333333,62.5,37.583333333333336,2000,NA,NA,NA
Nevada,155.14285714285714,70.42857142857143,40.57142857142857,2000,NA,NA,NA
New Hampshire,126.7,58.1,35.6,2000,NA,NA,NA
New Jersey,184.1764705882353,80.52941176470588,40.76470588235294,2000,NA,NA,NA
New Mexico,87,54.94444444444444,30.77777777777778,2000,NA,NA,NA
New York,161.5,65.38235294117646,37.11764705882353,2000,NA,NA,NA
North Carolina,154.0392156862745,94.82352941176471,53.431372549019606,2000,NA,NA,NA
North Dakota,67.16666666666667,42.333333333333336,26.333333333333332,2000,NA,NA,NA
Ohio,158.5,79.8913043478261,44.30434782608695,2000,NA,NA,NA
Oklahoma,124.08,78.64,45.08,2000,NA,NA,NA
Oregon,118.05555555555556,66.27777777777777,35.05555555555556,2000,NA,NA,NA
Pennsylvania,180.71428571428572,80.77142857142857,44.2,2000,NA,NA,NA
Puerto Rico,78.75,51.9375,30.4375,2000,NA,NA,NA
Rhode Island,203.66666666666666,76,45.666666666666664,2000,NA,NA,NA
South Carolina,150.88888888888889,90.4074074074074,49.407407407407405,2000,NA,NA,NA
South Dakota,108.16666666666667,56.166666666666664,31,2000,NA,NA,NA
Tennessee,165.24137931034483,100.37931034482759,51.275862068965516,2000,NA,NA,NA
Texas,158.25714285714287,87.94285714285714,42.885714285714286,2000,NA,NA,NA
Utah,118.61538461538461,62.92307692307692,31.692307692307693,2000,NA,NA,NA
Vermont,134.75,62.75,35.75,2000,NA,NA,NA
Virgin Islands,84,53,31.666666666666668,2000,NA,NA,NA
Virginia,123.45,71.325,38.675,2000,NA,NA,NA
Washington,105.17391304347827,57.56521739130435,33.30434782608695,2000,NA,NA,NA
West Virginia,141.88235294117646,83.05882352941177,50.294117647058826,2000,NA,NA,NA
Wisconsin,145.875,70.34375,41.53125,2000,NA,NA,NA
Wyoming,107.5,54.285714285714285,27.928571428571427,2000,NA,NA,NA
Alabama,137.23809523809524,81.52380952380952,48.666666666666664,2001,NA,NA,NA
Alaska,84.75,57.75,23.25,2001,NA,NA,NA
Arizona,104.3076923076923,66.53846153846153,40.76923076923077,2001,NA,NA,NA
Arkansas,104.04761904761905,74.95238095238095,53.38095238095238,2001,NA,NA,NA
California,672.9272727272727,99.67272727272727,50.03636363636364,2001,NA,NA,NA
Canada,95.5,52.5,33.5,2001,NA,NA,NA
Colorado,94.33333333333333,52.833333333333336,30.766666666666666,2001,NA,NA,NA
Connecticut,208.5,96.875,45.75,2001,NA,NA,NA
Country Of Mexico,373.3333333333333,134.33333333333334,69.66666666666667,2001,NA,NA,NA
Delaware,199,104,57.666666666666664,2001,NA,NA,NA
District Of Columbia,203,106,65,2001,NA,NA,NA
Florida,142.40540540540542,63.86486486486486,39.5945945945946,2001,NA,NA,NA
Georgia,154.5151515151515,86.54545454545455,49.24242424242424,2001,NA,NA,NA
Hawaii,124.66666666666667,38,22.666666666666668,2001,NA,NA,NA
Idaho,99.47368421052632,55.1578947368421,29.68421052631579,2001,NA,NA,NA
Illinois,144.92,78.44,40.76,2001,NA,NA,NA
Indiana,139,85.95348837209302,44.51162790697674,2001,NA,NA,NA
Iowa,111.73684210526316,63.78947368421053,39.8421052631579,2001,NA,NA,NA
Kansas,105.18181818181819,63.45454545454545,36,2001,NA,NA,NA
Kentucky,148.75675675675674,83.51351351351352,44.5945945945946,2001,NA,NA,NA
Louisiana,141.1851851851852,74.55555555555556,45.7037037037037,2001,NA,NA,NA
Maine,147.69230769230768,62.76923076923077,31.153846153846153,2001,NA,NA,NA
Maryland,185.2,105.26666666666667,47.4,2001,NA,NA,NA
Massachusetts,186.54545454545453,92,49,2001,NA,NA,NA
Michigan,159.25806451612902,90.19354838709677,43.225806451612904,2001,NA,NA,NA
Minnesota,113.36842105263158,61.10526315789474,35,2001,NA,NA,NA
Mississippi,128.89473684210526,82,49.73684210526316,2001,NA,NA,NA
Missouri,191.33333333333334,78.57142857142857,46.04761904761905,2001,NA,NA,NA
Montana,88.2,43.15,18.5,2001,NA,NA,NA
Nebraska,85.5,59.75,37.166666666666664,2001,NA,NA,NA
Nevada,124.42857142857143,68.71428571428571,40.857142857142854,2001,NA,NA,NA
New Hampshire,171.9,74.1,40.3,2001,NA,NA,NA
New Jersey,185.2941176470588,94.52941176470588,43,2001,NA,NA,NA
New Mexico,87.22222222222223,49.05555555555556,28.88888888888889,2001,NA,NA,NA
New York,161.74285714285713,77.6,39.57142857142857,2001,NA,NA,NA
North Carolina,146.6346153846154,94,52.55769230769231,2001,NA,NA,NA
North Dakota,76.16666666666667,48.5,29.666666666666668,2001,NA,NA,NA
Ohio,155.24444444444444,91.42222222222222,46.355555555555554,2001,NA,NA,NA
Oklahoma,127.04347826086956,78.91304347826087,43.82608695652174,2001,NA,NA,NA
Oregon,133.61111111111111,63.5,34.333333333333336,2001,NA,NA,NA
Pennsylvania,181.85714285714286,102.42857142857143,49.628571428571426,2001,NA,NA,NA
Puerto Rico,74,49.4375,30.8125,2001,NA,NA,NA
Rhode Island,212,97.66666666666667,48.666666666666664,2001,NA,NA,NA
South Carolina,132.25925925925927,83.92592592592592,46.851851851851855,2001,NA,NA,NA
South Dakota,76.125,50.75,29.25,2001,NA,NA,NA
Tennessee,150.03333333333333,88.7,48.7,2001,NA,NA,NA
Texas,150.75,80.02777777777777,43.69444444444444,2001,NA,NA,NA
Utah,120.6923076923077,64.53846153846153,35,2001,NA,NA,NA
Vermont,130.75,69.75,40.25,2001,NA,NA,NA
Virgin Islands,80.33333333333333,50.666666666666664,26.333333333333332,2001,NA,NA,NA
Virginia,135.075,75.7,39.525,2001,NA,NA,NA
Washington,109,55.76,32.68,2001,NA,NA,NA
West Virginia,145.8235294117647,87.3529411764706,51.05882352941177,2001,NA,NA,NA
Wisconsin,157.57575757575756,79.51515151515152,42.36363636363637,2001,NA,NA,NA
Wyoming,101,53.57142857142857,30,2001,NA,NA,NA
Alabama,143.95454545454547,80.54545454545455,46.27272727272727,2002,NA,NA,NA
Alaska,94.14285714285714,50.142857142857146,24.571428571428573,2002,NA,NA,NA
Arizona,126.92307692307692,76.92307692307692,44.84615384615385,2002,NA,NA,NA
Arkansas,114.28571428571429,72.19047619047619,50.285714285714285,2002,NA,NA,NA
California,457.2962962962963,105.24074074074075,52.574074074074076,2002,NA,NA,NA
Canada,104.5,41.5,23.5,2002,NA,NA,NA
Colorado,101.89285714285714,59.82142857142857,32.357142857142854,2002,NA,NA,NA
Connecticut,220.625,117.125,46.625,2002,NA,NA,NA
Country Of Mexico,728,129.66666666666666,63,2002,NA,NA,NA
Delaware,198,115.33333333333333,56.666666666666664,2002,NA,NA,NA
District Of Columbia,225,119,62,2002,NA,NA,NA
Florida,119.69444444444444,58.27777777777778,39.138888888888886,2002,NA,NA,NA
Georgia,154.26470588235293,88.11764705882354,47.55882352941177,2002,NA,NA,NA
Hawaii,77.25,30.5,19.75,2002,NA,NA,NA
Idaho,96.08333333333333,60.125,32.458333333333336,2002,NA,NA,NA
Illinois,167.68,87.2,40.56,2002,NA,NA,NA
Indiana,162.07142857142858,99.97619047619048,47.69047619047619,2002,NA,NA,NA
Iowa,108.7,66.45,39.9,2002,NA,NA,NA
Kansas,106,67.26666666666667,36.46666666666667,2002,NA,NA,NA
Kentucky,163.76315789473685,92.05263157894737,43.71052631578947,2002,NA,NA,NA
Louisiana,131.85185185185185,63.333333333333336,42.7037037037037,2002,NA,NA,NA
Maine,155.76923076923077,60.92307692307692,30.23076923076923,2002,NA,NA,NA
Maryland,205.92307692307693,126.61538461538461,50.23076923076923,2002,NA,NA,NA
Massachusetts,206.0909090909091,94.27272727272727,46.54545454545455,2002,NA,NA,NA
Michigan,168.1,92.33333333333333,44.333333333333336,2002,NA,NA,NA
Minnesota,104.3125,58.8125,33.9375,2002,NA,NA,NA
Mississippi,140.85,71.6,48,2002,NA,NA,NA
Missouri,146.2,89.35,51.45,2002,NA,NA,NA
Montana,75.86363636363636,40,17.318181818181817,2002,NA,NA,NA
Nebraska,80.5,58.142857142857146,32.5,2002,NA,NA,NA
Nevada,173.42857142857142,69.71428571428571,39.857142857142854,2002,NA,NA,NA
New Hampshire,183.5,74.8,39.1,2002,NA,NA,NA
New Jersey,194.58823529411765,106.23529411764706,42.35294117647059,2002,NA,NA,NA
New Mexico,106.5,54.94444444444444,29.833333333333332,2002,NA,NA,NA
New York,177.36111111111111,82.58333333333333,38.611111111111114,2002,NA,NA,NA
North Carolina,162.90196078431373,104,52.411764705882355,2002,NA,NA,NA
North Dakota,73.77777777777777,44,27.666666666666668,2002,NA,NA,NA
Ohio,174.52272727272728,107.43181818181819,47.97727272727273,2002,NA,NA,NA
Oklahoma,126.72,75.6,41.36,2002,NA,NA,NA
Oregon,125.94444444444444,68.11111111111111,36,2002,NA,NA,NA
Pennsylvania,196.2,108.37142857142857,48.114285714285714,2002,NA,NA,NA
Puerto Rico,66,47.6875,29.6875,2002,NA,NA,NA
Rhode Island,213,107.33333333333333,47,2002,NA,NA,NA
South Carolina,159.4814814814815,94.66666666666667,46.48148148148148,2002,NA,NA,NA
South Dakota,79.875,51.5,28.625,2002,NA,NA,NA
Tennessee,156.89285714285714,98.25,47.035714285714285,2002,NA,NA,NA
Texas,172.33333333333334,80.66666666666667,42.77777777777778,2002,NA,NA,NA
Utah,114.78571428571429,66.21428571428571,34.5,2002,NA,NA,NA
Vermont,151.5,69.5,37.75,2002,NA,NA,NA
Virgin Islands,73.33333333333333,52.333333333333336,27.666666666666668,2002,NA,NA,NA
Virginia,145.875,82.65,39.925,2002,NA,NA,NA
Washington,101.51851851851852,64.11111111111111,36.666666666666664,2002,NA,NA,NA
West Virginia,163.76470588235293,90.3529411764706,48.588235294117645,2002,NA,NA,NA
Wisconsin,145.5142857142857,79.82857142857142,40.31428571428572,2002,NA,NA,NA
Wyoming,105.4,55.46666666666667,28.333333333333332,2002,NA,NA,NA
Alabama,132.83333333333334,74.66666666666667,47.166666666666664,2003,NA,NA,NA
Alaska,143.28571428571428,46,20.285714285714285,2003,NA,NA,NA
Arizona,127.15384615384616,80.76923076923077,46.69230769230769,2003,NA,NA,NA
Arkansas,104.76190476190476,68.85714285714286,51.80952380952381,2003,NA,NA,NA
California,622.3888888888889,101.53703703703704,51.7037037037037,2003,NA,NA,NA
Canada,92.5,46.5,23.5,2003,NA,NA,NA
Colorado,112.17857142857143,58.92857142857143,32.17857142857143,2003,NA,NA,NA
Connecticut,189.875,85.875,46.25,2003,NA,NA,NA
Country Of Mexico,1046.6666666666667,117.66666666666667,64,2003,NA,NA,NA
Delaware,210.66666666666666,94.33333333333333,52,2003,NA,NA,NA
District Of Columbia,207,93,61,2003,NA,NA,NA
Florida,139.61111111111111,60.388888888888886,39.02777777777778,2003,NA,NA,NA
Georgia,134.42424242424244,78.03030303030303,48.93939393939394,2003,NA,NA,NA
Hawaii,92.5,36.25,21.75,2003,NA,NA,NA
Idaho,93.31818181818181,53.31818181818182,30.181818181818183,2003,NA,NA,NA
Illinois,141.92,73.52,38.72,2003,NA,NA,NA
Indiana,155.425,86.8,47.725,2003,NA,NA,NA
Iowa,104.0952380952381,66.04761904761905,41.095238095238095,2003,NA,NA,NA
Kansas,131.0625,70.0625,37.75,2003,NA,NA,NA
Kentucky,140.80555555555554,77.44444444444444,44,2003,NA,NA,NA
Louisiana,152.77777777777777,73.77777777777777,45.48148148148148,2003,NA,NA,NA
Maine,135.15384615384616,53.92307692307692,31.384615384615383,2003,NA,NA,NA
Maryland,205.53846153846155,91,45.92307692307692,2003,NA,NA,NA
Massachusetts,169.75,80,43.666666666666664,2003,NA,NA,NA
Michigan,174.27586206896552,83.93103448275862,44.48275862068966,2003,NA,NA,NA
Minnesota,121.55555555555556,69.44444444444444,42.5,2003,NA,NA,NA
Mississippi,125.52631578947368,77.6842105263158,50.94736842105263,2003,NA,NA,NA
Missouri,148.35,81.2,49.65,2003,NA,NA,NA
Montana,109.28571428571429,41.95238095238095,17.047619047619047,2003,NA,NA,NA
Nebraska,98.91666666666667,59.916666666666664,34.583333333333336,2003,NA,NA,NA
Nevada,132.625,66.125,38.5,2003,NA,NA,NA
New Hampshire,137,68.66666666666667,40.22222222222222,2003,NA,NA,NA
New Jersey,184.1764705882353,81.6470588235294,41.294117647058826,2003,NA,NA,NA
New Mexico,162.11764705882354,57.294117647058826,32.470588235294116,2003,NA,NA,NA
New York,167.86111111111111,67.91666666666667,37.94444444444444,2003,NA,NA,NA
North Carolina,148.7962962962963,81.81481481481481,48.907407407407405,2003,NA,NA,NA
North Dakota,90.88888888888889,45.77777777777778,29,2003,NA,NA,NA
Ohio,174.29545454545453,82.25,46.47727272727273,2003,NA,NA,NA
Oklahoma,124.11538461538461,73.73076923076923,44.65384615384615,2003,NA,NA,NA
Oregon,107.3529411764706,58.411764705882355,29.11764705882353,2003,NA,NA,NA
Pennsylvania,190.4,81.8,46.4,2003,NA,NA,NA
Puerto Rico,74.125,49.3125,28.1875,2003,NA,NA,NA
Rhode Island,201.66666666666666,82,45.666666666666664,2003,NA,NA,NA
South Carolina,126.88888888888889,74.55555555555556,43.074074074074076,2003,NA,NA,NA
South Dakota,88,60.5,35,2003,NA,NA,NA
Tennessee,144.36666666666667,81.8,46.733333333333334,2003,NA,NA,NA
Texas,177.02564102564102,82.12820512820512,43.41025641025641,2003,NA,NA,NA
Utah,115.71428571428571,61.357142857142854,32.142857142857146,2003,NA,NA,NA
Vermont,94.2,57.2,32.2,2003,NA,NA,NA
Virgin Islands,94.33333333333333,59.666666666666664,29.666666666666668,2003,NA,NA,NA
Virginia,146.175,65.8,38.375,2003,NA,NA,NA
Washington,184.63333333333333,63.7,36.766666666666666,2003,NA,NA,NA
West Virginia,150.55555555555554,74.16666666666667,46.611111111111114,2003,NA,NA,NA
Wisconsin,140.6,78.65714285714286,41.68571428571428,2003,NA,NA,NA
Wyoming,102.33333333333333,54.733333333333334,27.333333333333332,2003,NA,NA,NA
Alabama,121.28,71.32,45.16,2004,NA,NA,NA
Alaska,199,45,18.1,2004,NA,NA,NA
Arizona,129.07692307692307,72,42.92307692307692,2004,NA,NA,NA
Arkansas,102,67.70588235294117,49.35294117647059,2004,NA,NA,NA
California,273.47169811320754,94.56603773584905,51.490566037735846,2004,NA,NA,NA
Canada,95.66666666666667,45.333333333333336,26.333333333333332,2004,NA,NA,NA
Colorado,86.5,51,30.464285714285715,2004,NA,NA,NA
Connecticut,182.125,77.25,43.125,2004,NA,NA,NA
Country Of Mexico,226,109.66666666666667,67.33333333333333,2004,NA,NA,NA
Delaware,157.66666666666666,91.33333333333333,53.333333333333336,2004,NA,NA,NA
District Of Columbia,190,87,61,2004,NA,NA,NA
Florida,137.38888888888889,66.55555555555556,42.30555555555556,2004,NA,NA,NA
Georgia,136.54545454545453,79.06060606060606,52.303030303030305,2004,NA,NA,NA
Hawaii,83,34.25,16.5,2004,NA,NA,NA
Idaho,101.58333333333333,57.75,35.208333333333336,2004,NA,NA,NA
Illinois,113.28,62.12,37.12,2004,NA,NA,NA
Indiana,121.34210526315789,75.02631578947368,46,2004,NA,NA,NA
Iowa,102.19047619047619,58.38095238095238,36.857142857142854,2004,NA,NA,NA
Kansas,88.25,52.1875,33.375,2004,NA,NA,NA
Kentucky,112.77777777777777,65.88888888888889,42.388888888888886,2004,NA,NA,NA
Louisiana,138.2962962962963,70.5925925925926,43.55555555555556,2004,NA,NA,NA
Maine,123.53846153846153,51.61538461538461,31.846153846153847,2004,NA,NA,NA
Maryland,171.07142857142858,90.85714285714286,47.642857142857146,2004,NA,NA,NA
Massachusetts,159.25,73.5,44.25,2004,NA,NA,NA
Michigan,132.3448275862069,71.72413793103448,39.89655172413793,2004,NA,NA,NA
Minnesota,107.83333333333333,62.5,40.5,2004,NA,NA,NA
Mississippi,118.7,74.25,49.6,2004,NA,NA,NA
Missouri,110.86363636363636,69.95454545454545,46.5,2004,NA,NA,NA
Montana,100.85,42.8,19.1,2004,NA,NA,NA
Nebraska,88.25,55.75,34.916666666666664,2004,NA,NA,NA
Nevada,112.625,60.125,35.375,2004,NA,NA,NA
New Hampshire,160.75,63.375,38.75,2004,NA,NA,NA
New Jersey,152.94117647058823,76.11764705882354,39.94117647058823,2004,NA,NA,NA
New Mexico,137,50.5,30.25,2004,NA,NA,NA
New York,138.7058823529412,62.3235294117647,35.794117647058826,2004,NA,NA,NA
North Carolina,122.16,77.62,48.46,2004,NA,NA,NA
North Dakota,64.55555555555556,42.44444444444444,29.444444444444443,2004,NA,NA,NA
Ohio,127.22727272727273,74.93181818181819,42.97727272727273,2004,NA,NA,NA
Oklahoma,116.96,66.16,40.84,2004,NA,NA,NA
Oregon,124.05555555555556,68.55555555555556,35.22222222222222,2004,NA,NA,NA
Pennsylvania,139.77777777777777,76.47222222222223,44.72222222222222,2004,NA,NA,NA
Puerto Rico,66.66666666666667,45.733333333333334,25,2004,NA,NA,NA
Rhode Island,190.66666666666666,77.66666666666667,44,2004,NA,NA,NA
South Carolina,129.8148148148148,74.18518518518519,44.666666666666664,2004,NA,NA,NA
South Dakota,87.5,55.125,36.375,2004,NA,NA,NA
Tennessee,122.89655172413794,71.79310344827586,44.89655172413793,2004,NA,NA,NA
Texas,153.55263157894737,76.78947368421052,39.86842105263158,2004,NA,NA,NA
Utah,118.16666666666667,66,36.416666666666664,2004,NA,NA,NA
Vermont,107.2,54.8,29.4,2004,NA,NA,NA
Virgin Islands,74,54,22.333333333333332,2004,NA,NA,NA
Virginia,118.21052631578948,62.76315789473684,36.6578947368421,2004,NA,NA,NA
Washington,115.85714285714286,62.07142857142857,38,2004,NA,NA,NA
West Virginia,123.38888888888889,70.61111111111111,45.5,2004,NA,NA,NA
Wisconsin,118.5,61.029411764705884,37.55882352941177,2004,NA,NA,NA
Wyoming,139.14285714285714,49.642857142857146,25.928571428571427,2004,NA,NA,NA
Alabama,122.83333333333333,75.625,46.916666666666664,2005,NA,NA,NA
Alaska,92.77777777777777,43,19.666666666666668,2005,NA,NA,NA
Arizona,132.5,80.92857142857143,44,2005,NA,NA,NA
Arkansas,127.26666666666667,84.2,54.733333333333334,2005,NA,NA,NA
California,266.49056603773585,91.69811320754717,48.113207547169814,2005,NA,NA,NA
Canada,77.5,41.5,20.5,2005,NA,NA,NA
Colorado,100.53571428571429,56.892857142857146,31.75,2005,NA,NA,NA
Connecticut,194.75,91.625,44.625,2005,NA,NA,NA
Country Of Mexico,248,111.66666666666667,66,2005,NA,NA,NA
Delaware,186.66666666666666,99.66666666666667,55.333333333333336,2005,NA,NA,NA
District Of Columbia,169,97,62,2005,NA,NA,NA
Florida,134.27777777777777,68.94444444444444,42.5,2005,NA,NA,NA
Georgia,141.02857142857144,84.62857142857143,52.34285714285714,2005,NA,NA,NA
Hawaii,97.75,40.25,17,2005,NA,NA,NA
Idaho,113.47826086956522,57.82608695652174,32.391304347826086,2005,NA,NA,NA
Illinois,145.6,82.52,40.72,2005,NA,NA,NA
Indiana,151.59459459459458,96.27027027027027,51.67567567567568,2005,NA,NA,NA
Iowa,122.2,68.45,40.95,2005,NA,NA,NA
Kansas,117.25,65.6875,37.0625,2005,NA,NA,NA
Kentucky,142.35294117647058,88.47058823529412,47.05882352941177,2005,NA,NA,NA
Louisiana,142.57142857142858,82.32142857142857,49.57142857142857,2005,NA,NA,NA
Maine,142.8181818181818,58.72727272727273,34.81818181818182,2005,NA,NA,NA
Maryland,174.46666666666667,98.73333333333333,48.733333333333334,2005,NA,NA,NA
Massachusetts,173,83.16666666666667,47.416666666666664,2005,NA,NA,NA
Michigan,157.2258064516129,89.51612903225806,44.61290322580645,2005,NA,NA,NA
Minnesota,135.9,68.6,43.55,2005,NA,NA,NA
Mississippi,128.94736842105263,80.26315789473684,52.8421052631579,2005,NA,NA,NA
Missouri,149.38095238095238,93.19047619047619,50.333333333333336,2005,NA,NA,NA
Montana,90.95,46.1,20.6,2005,NA,NA,NA
Nebraska,94.66666666666667,61.333333333333336,35.333333333333336,2005,NA,NA,NA
Nevada,102.55555555555556,58.666666666666664,35.44444444444444,2005,NA,NA,NA
New Hampshire,140.125,68.25,40.625,2005,NA,NA,NA
New Jersey,163.41176470588235,82.88235294117646,42.35294117647059,2005,NA,NA,NA
New Mexico,141.125,54.25,31.375,2005,NA,NA,NA
New York,156.14705882352942,73.02941176470588,38.705882352941174,2005,NA,NA,NA
North Carolina,139.20833333333334,87,51.604166666666664,2005,NA,NA,NA
North Dakota,73.77777777777777,43.22222222222222,29.444444444444443,2005,NA,NA,NA
Ohio,168.275,97.125,47.175,2005,NA,NA,NA
Oklahoma,133.375,78.29166666666667,43.916666666666664,2005,NA,NA,NA
Oregon,129.76190476190476,68.71428571428571,34.285714285714285,2005,NA,NA,NA
Pennsylvania,162.47222222222223,91.94444444444444,47.916666666666664,2005,NA,NA,NA
Puerto Rico,69.06666666666666,50.93333333333333,27,2005,NA,NA,NA
Rhode Island,175,89.66666666666667,46.333333333333336,2005,NA,NA,NA
South Carolina,137.07692307692307,80.96153846153847,46.38461538461539,2005,NA,NA,NA
South Dakota,93.375,59.75,38.875,2005,NA,NA,NA
Tennessee,138.75,86.39285714285714,48.535714285714285,2005,NA,NA,NA
Texas,144.5609756097561,84.6829268292683,47.26829268292683,2005,NA,NA,NA
Utah,132.69230769230768,70.6923076923077,36.15384615384615,2005,NA,NA,NA
Vermont,112.2,57.4,33.2,2005,NA,NA,NA
Virgin Islands,83,58,23.333333333333332,2005,NA,NA,NA
Virginia,116.37837837837837,71.54054054054055,39.45945945945946,2005,NA,NA,NA
Washington,112.14285714285714,61.42857142857143,35.892857142857146,2005,NA,NA,NA
West Virginia,135.61111111111111,82,48.94444444444444,2005,NA,NA,NA
Wisconsin,148.76470588235293,85.58823529411765,42.470588235294116,2005,NA,NA,NA
Wyoming,96.78571428571429,46.857142857142854,26.071428571428573,2005,NA,NA,NA
Alabama,130.7826086956522,78.52173913043478,48.608695652173914,2006,NA,NA,NA
Alaska,97.25,47.5,21.375,2006,NA,NA,NA
Arizona,187.42857142857142,91.92857142857143,50.142857142857146,2006,NA,NA,NA
Arkansas,103.75,71.1875,50.5625,2006,NA,NA,NA
California,419.1132075471698,98.33962264150944,49.716981132075475,2006,NA,NA,NA
Canada,85,61,33,2006,NA,NA,NA
Colorado,115.32142857142857,59.357142857142854,32.42857142857143,2006,NA,NA,NA
Connecticut,199.875,83.5,42.75,2006,NA,NA,NA
Country Of Mexico,252,132,70.66666666666667,2006,NA,NA,NA
Delaware,164,93,54,2006,NA,NA,NA
District Of Columbia,192,99,58,2006,NA,NA,NA
Florida,134.86111111111111,70.58333333333333,43.75,2006,NA,NA,NA
Georgia,145.4,86.74285714285715,55.34285714285714,2006,NA,NA,NA
Hawaii,84.75,36,15.25,2006,NA,NA,NA
Idaho,122,60.8,35.3,2006,NA,NA,NA
Illinois,118.2,64.48,37.12,2006,NA,NA,NA
Indiana,130.27777777777777,78.91666666666667,47.44444444444444,2006,NA,NA,NA
Iowa,99.3,62.3,41.05,2006,NA,NA,NA
Kansas,109.8125,66.25,36.3125,2006,NA,NA,NA
Kentucky,123.15151515151516,74.6969696969697,43.93939393939394,2006,NA,NA,NA
Louisiana,148.125,82.66666666666667,49.875,2006,NA,NA,NA
Maine,119.36363636363636,55.72727272727273,34.27272727272727,2006,NA,NA,NA
Maryland,175.66666666666666,97.46666666666667,47.93333333333333,2006,NA,NA,NA
Massachusetts,170.08333333333334,78.08333333333333,43.833333333333336,2006,NA,NA,NA
Michigan,151.25806451612902,71.12903225806451,40.54838709677419,2006,NA,NA,NA
Minnesota,105.42857142857143,62.666666666666664,40.095238095238095,2006,NA,NA,NA
Mississippi,127.5,81.21428571428571,53.785714285714285,2006,NA,NA,NA
Missouri,136.15,80.75,50.2,2006,NA,NA,NA
Montana,107.89473684210526,50.31578947368421,25.157894736842106,2006,NA,NA,NA
Nebraska,96.16666666666667,56.5,33.25,2006,NA,NA,NA
Nevada,153.5,65.375,38.25,2006,NA,NA,NA
New Hampshire,120.875,62,37.5,2006,NA,NA,NA
New Jersey,162.1764705882353,80.29411764705883,44.470588235294116,2006,NA,NA,NA
New Mexico,112.58823529411765,55.8235294117647,32.588235294117645,2006,NA,NA,NA
New York,138.14705882352942,61.588235294117645,35.44117647058823,2006,NA,NA,NA
North Carolina,132.125,82.08333333333333,51.8125,2006,NA,NA,NA
North Dakota,91.44444444444444,49,32.111111111111114,2006,NA,NA,NA
Ohio,142.825,79.1,43.05,2006,NA,NA,NA
Oklahoma,153.66666666666666,88.33333333333333,42.76190476190476,2006,NA,NA,NA
Oregon,132.95238095238096,65.76190476190476,34.666666666666664,2006,NA,NA,NA
Pennsylvania,147.1891891891892,78.13513513513513,43.21621621621622,2006,NA,NA,NA
Puerto Rico,72.92307692307692,49.46153846153846,28.923076923076923,2006,NA,NA,NA
Rhode Island,188,78,44,2006,NA,NA,NA
South Carolina,136.07692307692307,77.6923076923077,47.03846153846154,2006,NA,NA,NA
South Dakota,92.5,60.25,35.625,2006,NA,NA,NA
Tennessee,145.41379310344828,82.72413793103448,48.310344827586206,2006,NA,NA,NA
Texas,160.5,81.975,46.55,2006,NA,NA,NA
Utah,110.23076923076923,68.6923076923077,38.76923076923077,2006,NA,NA,NA
Vermont,95.4,52.4,28,2006,NA,NA,NA
Virgin Islands,94.66666666666667,63.666666666666664,33.666666666666664,2006,NA,NA,NA
Virginia,120.13157894736842,66.65789473684211,38.05263157894737,2006,NA,NA,NA
Washington,110.76666666666667,60.766666666666666,35.6,2006,NA,NA,NA
West Virginia,132,78.13333333333334,48.06666666666667,2006,NA,NA,NA
Wisconsin,127.9375,67.8125,42.03125,2006,NA,NA,NA
Wyoming,128.21428571428572,53.714285714285715,29.642857142857142,2006,NA,NA,NA
Alabama,155.9,88.6,53.2,2007,NA,NA,NA
Alaska,92.5,44.25,20.375,2007,NA,NA,NA
Arizona,296.7857142857143,83.5,48.5,2007,NA,NA,NA
Arkansas,123.9375,72.8125,50.625,2007,NA,NA,NA
California,390.5660377358491,91.33962264150944,51,2007,NA,NA,NA
Colorado,123.03448275862068,68.10344827586206,38.58620689655172,2007,NA,NA,NA
Connecticut,197.875,93.375,44.125,2007,NA,NA,NA
Country Of Mexico,416.6666666666667,127.33333333333333,74.66666666666667,2007,NA,NA,NA
Delaware,163,95.66666666666667,53.333333333333336,2007,NA,NA,NA
District Of Columbia,169,97,58,2007,NA,NA,NA
Florida,155.74285714285713,68.54285714285714,44.82857142857143,2007,NA,NA,NA
Georgia,164.5142857142857,86.77142857142857,53.714285714285715,2007,NA,NA,NA
Hawaii,109,46.666666666666664,17,2007,NA,NA,NA
Idaho,120.72222222222223,61.44444444444444,33.77777777777778,2007,NA,NA,NA
Illinois,142.2,75.8,44.76,2007,NA,NA,NA
Indiana,147.16666666666666,94.86111111111111,53.388888888888886,2007,NA,NA,NA
Iowa,131.75,70.35,46.8,2007,NA,NA,NA
Kansas,105.21428571428571,60.857142857142854,36.357142857142854,2007,NA,NA,NA
Kentucky,149.78787878787878,92.75757575757575,51.09090909090909,2007,NA,NA,NA
Louisiana,137.56521739130434,74.21739130434783,47.34782608695652,2007,NA,NA,NA
Maine,162.9090909090909,57,33.54545454545455,2007,NA,NA,NA
Maryland,175.4375,101.1875,50.375,2007,NA,NA,NA
Massachusetts,170.75,80.5,45.333333333333336,2007,NA,NA,NA
Michigan,153.86666666666667,83.86666666666666,43.333333333333336,2007,NA,NA,NA
Minnesota,129.23809523809524,63.285714285714285,41.23809523809524,2007,NA,NA,NA
Mississippi,127.42857142857143,79.35714285714286,52.5,2007,NA,NA,NA
Missouri,152.27777777777777,84.88888888888889,50.72222222222222,2007,NA,NA,NA
Montana,132.47368421052633,55.10526315789474,26.473684210526315,2007,NA,NA,NA
Nebraska,87.61538461538461,58.53846153846154,36.53846153846154,2007,NA,NA,NA
Nevada,113.3,58.9,35.6,2007,NA,NA,NA
New Hampshire,157.125,69,37.375,2007,NA,NA,NA
New Jersey,156.94117647058823,83.88235294117646,46.11764705882353,2007,NA,NA,NA
New Mexico,99.94444444444444,52.44444444444444,32.833333333333336,2007,NA,NA,NA
New York,148.91176470588235,70.58823529411765,41.26470588235294,2007,NA,NA,NA
North Carolina,141.52083333333334,88.29166666666667,53.6875,2007,NA,NA,NA
North Dakota,84.11111111111111,44.22222222222222,30.11111111111111,2007,NA,NA,NA
Ohio,152.125,89.85,45.1,2007,NA,NA,NA
Oklahoma,126.15,66.2,39.8,2007,NA,NA,NA
Oregon,125.95238095238095,67.61904761904762,33.904761904761905,2007,NA,NA,NA
Pennsylvania,150.13513513513513,84.86486486486487,44.648648648648646,2007,NA,NA,NA
Puerto Rico,81.64285714285714,48.214285714285715,28,2007,NA,NA,NA
Rhode Island,176.66666666666666,87,43,2007,NA,NA,NA
South Carolina,132.12,76.92,48.16,2007,NA,NA,NA
South Dakota,90.625,56.25,36.25,2007,NA,NA,NA
Tennessee,151.39285714285714,92.17857142857143,52.142857142857146,2007,NA,NA,NA
Texas,131.95238095238096,69.30952380952381,44.80952380952381,2007,NA,NA,NA
Utah,130.16666666666666,79.75,46.833333333333336,2007,NA,NA,NA
Vermont,101.75,50.75,27,2007,NA,NA,NA
Virgin Islands,89,60.333333333333336,31,2007,NA,NA,NA
Virginia,117.86486486486487,70.67567567567568,39.891891891891895,2007,NA,NA,NA
Washington,100.61290322580645,61.225806451612904,34,2007,NA,NA,NA
West Virginia,136.86666666666667,86.73333333333333,51.333333333333336,2007,NA,NA,NA
Wisconsin,145.70967741935485,76.61290322580645,42.645161290322584,2007,NA,NA,NA
Wyoming,101.625,54.4375,33,2007,NA,NA,NA
Alabama,114.52631578947368,70.73684210526316,48.78947368421053,2008,NA,NA,NA
Alaska,89.11111111111111,42.22222222222222,17.333333333333332,2008,NA,NA,NA
Arizona,164.23076923076923,89.92307692307692,49.84615384615385,2008,NA,NA,NA
Arkansas,96,67.0625,48.5625,2008,NA,NA,NA
California,247.8679245283019,98.9622641509434,53.094339622641506,2008,NA,NA,NA
Colorado,111.63333333333334,64,37.36666666666667,2008,NA,NA,NA
Connecticut,167.875,75.375,43.875,2008,NA,NA,NA
Country Of Mexico,235.33333333333334,104,60,2008,NA,NA,NA
Delaware,171,92.33333333333333,53.333333333333336,2008,NA,NA,NA
District Of Columbia,187,85,55,2008,NA,NA,NA
Florida,123.05555555555556,61,43.97222222222222,2008,NA,NA,NA
Georgia,130.45714285714286,75.65714285714286,51.114285714285714,2008,NA,NA,NA
Hawaii,111.66666666666667,59,39.333333333333336,2008,NA,NA,NA
Idaho,98.89473684210526,55.10526315789474,32.05263157894737,2008,NA,NA,NA
Illinois,102.92,61.6,41.4,2008,NA,NA,NA
Indiana,116.02702702702703,73.37837837837837,48.86486486486486,2008,NA,NA,NA
Iowa,103.05,63,44.6,2008,NA,NA,NA
Kansas,90.46666666666667,53.666666666666664,34.6,2008,NA,NA,NA
Kentucky,116.25,71.65625,46.75,2008,NA,NA,NA
Louisiana,117.52173913043478,67.17391304347827,44.95652173913044,2008,NA,NA,NA
Maine,105.9090909090909,50.90909090909091,34.27272727272727,2008,NA,NA,NA
Maryland,162.3125,88.5,47.8125,2008,NA,NA,NA
Massachusetts,163.25,73.91666666666667,46.833333333333336,2008,NA,NA,NA
Michigan,131.55172413793105,69.93103448275862,43.06896551724138,2008,NA,NA,NA
Minnesota,111.47619047619048,61.523809523809526,40.523809523809526,2008,NA,NA,NA
Mississippi,106.78571428571429,68.57142857142857,50.642857142857146,2008,NA,NA,NA
Missouri,116.94444444444444,68.5,47,2008,NA,NA,NA
Montana,90.63157894736842,50.21052631578947,26.210526315789473,2008,NA,NA,NA
Nebraska,79.92307692307692,56.15384615384615,35.69230769230769,2008,NA,NA,NA
Nevada,110.8,56.1,33.8,2008,NA,NA,NA
New Hampshire,129.25,62.5,38,2008,NA,NA,NA
New Jersey,141.7058823529412,75.58823529411765,45.529411764705884,2008,NA,NA,NA
New Mexico,151.83333333333334,55.166666666666664,32.72222222222222,2008,NA,NA,NA
New York,145.61764705882354,63.529411764705884,41.5,2008,NA,NA,NA
North Carolina,132.12765957446808,76.08510638297872,49.51063829787234,2008,NA,NA,NA
North Dakota,86.22222222222223,44.55555555555556,31.88888888888889,2008,NA,NA,NA
Ohio,133.6153846153846,76.51282051282051,45.282051282051285,2008,NA,NA,NA
Oklahoma,113.95238095238095,64,40.04761904761905,2008,NA,NA,NA
Oregon,121.54166666666667,68.95833333333333,39.958333333333336,2008,NA,NA,NA
Pennsylvania,154.61111111111111,77,44.19444444444444,2008,NA,NA,NA
Puerto Rico,75.08333333333333,39.083333333333336,23.333333333333332,2008,NA,NA,NA
Rhode Island,155.33333333333334,70.66666666666667,44,2008,NA,NA,NA
South Carolina,134.42105263157896,74.15789473684211,45.36842105263158,2008,NA,NA,NA
South Dakota,120.75,53.75,35.5,2008,NA,NA,NA
Tennessee,118.23076923076923,70.8076923076923,42.19230769230769,2008,NA,NA,NA
Texas,127.90697674418605,68.13953488372093,44.86046511627907,2008,NA,NA,NA
Utah,124,73.75,45.833333333333336,2008,NA,NA,NA
Vermont,107.25,54.25,35.5,2008,NA,NA,NA
Virgin Islands,99,55,21.666666666666668,2008,NA,NA,NA
Virginia,121.65789473684211,60.31578947368421,37.73684210526316,2008,NA,NA,NA
Washington,99.9,59.9,34.96666666666667,2008,NA,NA,NA
West Virginia,115.06666666666666,69.93333333333334,46,2008,NA,NA,NA
Wisconsin,116.54838709677419,62.516129032258064,41.193548387096776,2008,NA,NA,NA
Wyoming,105.82352941176471,57.11764705882353,33.470588235294116,2008,NA,NA,NA
Alabama,99.73684210526316,62.526315789473685,45.26315789473684,2009,NA,NA,NA
Alaska,130.55555555555554,50.111111111111114,22.333333333333332,2009,NA,NA,NA
Arizona,238.30769230769232,70.84615384615384,46.07692307692308,2009,NA,NA,NA
Arkansas,95.25,62.125,47.3125,2009,NA,NA,NA
California,466.52830188679246,89.66037735849056,50.18867924528302,2009,NA,NA,NA
Colorado,108.3125,57.375,36.03125,2009,NA,NA,NA
Connecticut,134.875,63.375,38.875,2009,NA,NA,NA
Country Of Mexico,400.6666666666667,82,54,2009,NA,NA,NA
Delaware,119,72.66666666666667,47.666666666666664,2009,NA,NA,NA
District Of Columbia,150,74,55,2009,NA,NA,NA
Florida,100.97222222222223,56.94444444444444,43.52777777777778,2009,NA,NA,NA
Georgia,127.25,65.875,48.5,2009,NA,NA,NA
Hawaii,138.33333333333334,61.666666666666664,41,2009,NA,NA,NA
Idaho,96.44444444444444,53.888888888888886,29.833333333333332,2009,NA,NA,NA
Illinois,106.44,60.12,40.48,2009,NA,NA,NA
Indiana,107.15789473684211,68.1842105263158,47.13157894736842,2009,NA,NA,NA
Iowa,106.5,61.2,42.3,2009,NA,NA,NA
Kansas,97,50.46666666666667,32.4,2009,NA,NA,NA
Kentucky,99.875,59.84375,42.5625,2009,NA,NA,NA
Louisiana,127.95652173913044,61.47826086956522,43.65217391304348,2009,NA,NA,NA
Maine,121.18181818181819,48,32.63636363636363,2009,NA,NA,NA
Maryland,119.25,66.25,45.5,2009,NA,NA,NA
Massachusetts,130.66666666666666,65.08333333333333,42.166666666666664,2009,NA,NA,NA
Michigan,122.58620689655173,64.06896551724138,40.172413793103445,2009,NA,NA,NA
Minnesota,104.04761904761905,61.666666666666664,39.38095238095238,2009,NA,NA,NA
Mississippi,103.42857142857143,62.5,48.142857142857146,2009,NA,NA,NA
Missouri,114.14285714285714,63.142857142857146,43.142857142857146,2009,NA,NA,NA
Montana,89.11111111111111,51.55555555555556,30.88888888888889,2009,NA,NA,NA
Nebraska,95.33333333333333,50.5,30.25,2009,NA,NA,NA
Nevada,104.8,50.3,34.2,2009,NA,NA,NA
New Hampshire,108.85714285714286,59,37.285714285714285,2009,NA,NA,NA
New Jersey,114.47058823529412,64,41.529411764705884,2009,NA,NA,NA
New Mexico,88.16666666666667,47.22222222222222,31.77777777777778,2009,NA,NA,NA
New York,118.31428571428572,57.65714285714286,39.114285714285714,2009,NA,NA,NA
North Carolina,95.08695652173913,61.52173913043478,44.34782608695652,2009,NA,NA,NA
North Dakota,67,44.111111111111114,31.333333333333332,2009,NA,NA,NA
Ohio,112.82051282051282,65.71794871794872,41.794871794871796,2009,NA,NA,NA
Oklahoma,115.23809523809524,66.14285714285714,44.23809523809524,2009,NA,NA,NA
Oregon,127.29166666666667,67,37.5,2009,NA,NA,NA
Pennsylvania,113.75,65.97222222222223,45.611111111111114,2009,NA,NA,NA
Puerto Rico,82.8,38.3,21.2,2009,NA,NA,NA
Rhode Island,115.33333333333333,63,40,2009,NA,NA,NA
South Carolina,85.6,54.6,39.4,2009,NA,NA,NA
South Dakota,136.88888888888889,54.888888888888886,36.888888888888886,2009,NA,NA,NA
Tennessee,101.41666666666667,56.416666666666664,37.25,2009,NA,NA,NA
Texas,122.4888888888889,66.82222222222222,43.644444444444446,2009,NA,NA,NA
Utah,138.83333333333334,71.16666666666667,44.75,2009,NA,NA,NA
Vermont,111,64,40.333333333333336,2009,NA,NA,NA
Virgin Islands,94.66666666666667,51.333333333333336,21,2009,NA,NA,NA
Virginia,83.12820512820512,50.666666666666664,33.717948717948715,2009,NA,NA,NA
Washington,96.66666666666667,59.13333333333333,35.166666666666664,2009,NA,NA,NA
West Virginia,94.53333333333333,63.93333333333333,44.733333333333334,2009,NA,NA,NA
Wisconsin,116.625,60.59375,38.25,2009,NA,NA,NA
Wyoming,99.05882352941177,49.529411764705884,31.41176470588235,2009,NA,NA,NA
Alabama,112.94736842105263,72.3157894736842,51.05263157894737,2010,NA,NA,NA
Alaska,92,48.875,24.125,2010,NA,NA,NA
Arizona,245.07692307692307,70.6923076923077,43.84615384615385,2010,NA,NA,NA
Arkansas,101.17647058823529,66.52941176470588,49.529411764705884,2010,NA,NA,NA
California,322.64150943396226,82.43396226415095,48.75471698113208,2010,NA,NA,NA
Colorado,118.9375,61.75,37.46875,2010,NA,NA,NA
Connecticut,152.625,74.75,41.875,2010,NA,NA,NA
Country Of Mexico,489.6666666666667,90.66666666666667,54.666666666666664,2010,NA,NA,NA
Delaware,168.66666666666666,91.33333333333333,49,2010,NA,NA,NA
District Of Columbia,187,100,55,2010,NA,NA,NA
Florida,112.4054054054054,61.027027027027025,45.62162162162162,2010,NA,NA,NA
Georgia,133.15625,73.375,51.34375,2010,NA,NA,NA
Hawaii,129.66666666666666,64.33333333333333,47.333333333333336,2010,NA,NA,NA
Idaho,100.17647058823529,54,32.35294117647059,2010,NA,NA,NA
Illinois,110.8,65.44,42.44,2010,NA,NA,NA
Indiana,113.34210526315789,76.57894736842105,50.8421052631579,2010,NA,NA,NA
Iowa,107.75,64.95,44.1,2010,NA,NA,NA
Kansas,103.21428571428571,57.285714285714285,35.642857142857146,2010,NA,NA,NA
Kentucky,116.625,71.875,47.1875,2010,NA,NA,NA
Louisiana,128.30434782608697,70.30434782608695,47.34782608695652,2010,NA,NA,NA
Maine,126,51.166666666666664,35.666666666666664,2010,NA,NA,NA
Maryland,173.4375,89.5625,49.1875,2010,NA,NA,NA
Massachusetts,145.41666666666666,67.41666666666667,43,2010,NA,NA,NA
Michigan,119.67857142857143,67.60714285714286,40.25,2010,NA,NA,NA
Minnesota,107.52380952380952,59.76190476190476,38.857142857142854,2010,NA,NA,NA
Mississippi,114.61538461538461,67.53846153846153,50.23076923076923,2010,NA,NA,NA
Missouri,126.42857142857143,76.14285714285714,47.333333333333336,2010,NA,NA,NA
Montana,101.84210526315789,57.10526315789474,33.421052631578945,2010,NA,NA,NA
Nebraska,102,54.54545454545455,34,2010,NA,NA,NA
Nevada,98.6,55.2,33.1,2010,NA,NA,NA
New Hampshire,124.14285714285714,62.714285714285715,40,2010,NA,NA,NA
New Jersey,161.8125,80.8125,44.25,2010,NA,NA,NA
New Mexico,143.16666666666666,48,32.388888888888886,2010,NA,NA,NA
New York,130.5,63.23529411764706,39.911764705882355,2010,NA,NA,NA
North Carolina,120.86666666666666,73.06666666666666,48.84444444444444,2010,NA,NA,NA
North Dakota,87.77777777777777,49.888888888888886,36.44444444444444,2010,NA,NA,NA
Ohio,134.25,78.775,49.2,2010,NA,NA,NA
Oklahoma,109.125,65.33333333333333,43.416666666666664,2010,NA,NA,NA
Oregon,109.41666666666667,58.208333333333336,31.416666666666668,2010,NA,NA,NA
Pennsylvania,150.58333333333334,80.86111111111111,48.69444444444444,2010,NA,NA,NA
Puerto Rico,75.625,36.625,19.125,2010,NA,NA,NA
Rhode Island,143.33333333333334,70,41.333333333333336,2010,NA,NA,NA
South Carolina,111.1,65.1,43.15,2010,NA,NA,NA
South Dakota,107.11111111111111,58.44444444444444,38.22222222222222,2010,NA,NA,NA
Tennessee,114.83333333333333,72.625,42.833333333333336,2010,NA,NA,NA
Texas,120.11111111111111,64.57777777777778,42.91111111111111,2010,NA,NA,NA
Utah,169.76923076923077,73.23076923076923,44,2010,NA,NA,NA
Vermont,124,64.33333333333333,39,2010,NA,NA,NA
Virgin Islands,96,64.5,40,2010,NA,NA,NA
Virginia,114.02564102564102,63.1025641025641,38.82051282051282,2010,NA,NA,NA
Washington,88.76666666666667,54.166666666666664,29.766666666666666,2010,NA,NA,NA
West Virginia,122.33333333333333,71.66666666666667,46.666666666666664,2010,NA,NA,NA
Wisconsin,115.60606060606061,61.27272727272727,39.696969696969695,2010,NA,NA,NA
Wyoming,90.72222222222223,52.27777777777778,33.166666666666664,2010,NA,NA,NA
Alabama,111.89473684210526,71.15789473684211,46.8421052631579,2011,NA,NA,NA
Alaska,101.5,48.125,27.25,2011,NA,NA,NA
Arizona,328.15384615384613,81.15384615384616,46.53846153846154,2011,NA,NA,NA
Arkansas,99.47058823529412,66.70588235294117,49,2011,NA,NA,NA
California,506.64814814814815,89.9074074074074,53.31481481481482,2011,NA,NA,NA
Colorado,130.4375,67.28125,39.6875,2011,NA,NA,NA
Connecticut,164,66.875,41.5,2011,NA,NA,NA
Country Of Mexico,364,98,46,2011,NA,NA,NA
Delaware,177,76,46.333333333333336,2011,NA,NA,NA
District Of Columbia,166,84,59,2011,NA,NA,NA
Florida,117.07894736842105,60.526315789473685,43.73684210526316,2011,NA,NA,NA
Georgia,128.96875,77.28125,51.5625,2011,NA,NA,NA
Hawaii,78.75,57,38.25,2011,NA,NA,NA
Idaho,94.875,51.8125,29.5625,2011,NA,NA,NA
Illinois,134.56521739130434,64,42.608695652173914,2011,NA,NA,NA
Indiana,127.97297297297297,75.54054054054055,49.62162162162162,2011,NA,NA,NA
Iowa,95.45,64.95,47.5,2011,NA,NA,NA
Kansas,120.14285714285714,66.14285714285714,37.642857142857146,2011,NA,NA,NA
Kentucky,124.9,69.4,45.7,2011,NA,NA,NA
Louisiana,137.77272727272728,72.72727272727273,47.31818181818182,2011,NA,NA,NA
Maine,105.16666666666667,52.333333333333336,35.25,2011,NA,NA,NA
Maryland,166.13333333333333,82.8,49,2011,NA,NA,NA
Massachusetts,142.66666666666666,65,45.416666666666664,2011,NA,NA,NA
Michigan,140.96428571428572,66.82142857142857,39.857142857142854,2011,NA,NA,NA
Minnesota,101.38095238095238,58.666666666666664,39,2011,NA,NA,NA
Mississippi,107.53846153846153,67.23076923076923,49.23076923076923,2011,NA,NA,NA
Missouri,137.28571428571428,76.28571428571429,48.333333333333336,2011,NA,NA,NA
Montana,98.11111111111111,55.05555555555556,32.22222222222222,2011,NA,NA,NA
Nebraska,89.54545454545455,55.63636363636363,34.72727272727273,2011,NA,NA,NA
Nevada,110.9,53.6,33.5,2011,NA,NA,NA
New Hampshire,118,62.42857142857143,41,2011,NA,NA,NA
New Jersey,158,70.0625,45.5,2011,NA,NA,NA
New Mexico,178.83333333333334,59.72222222222222,35.22222222222222,2011,NA,NA,NA
New York,130.76470588235293,57.470588235294116,40.470588235294116,2011,NA,NA,NA
North Carolina,120.6,72.8,48.53333333333333,2011,NA,NA,NA
North Dakota,97.875,52.75,40,2011,NA,NA,NA
Ohio,134.89743589743588,75,46.205128205128204,2011,NA,NA,NA
Oklahoma,146.17391304347825,87.04347826086956,47.608695652173914,2011,NA,NA,NA
Oregon,119.28,64.76,31.72,2011,NA,NA,NA
Pennsylvania,135.43243243243242,71.89189189189189,48.62162162162162,2011,NA,NA,NA
Puerto Rico,59.5,36.5,19.416666666666668,2011,NA,NA,NA
Rhode Island,140,70.33333333333333,42.666666666666664,2011,NA,NA,NA
South Carolina,120,68.35,45.9,2011,NA,NA,NA
South Dakota,87.55555555555556,54.77777777777778,36.888888888888886,2011,NA,NA,NA
Tennessee,116.375,68.54166666666667,41.75,2011,NA,NA,NA
Texas,147.35555555555555,78.8,46.46666666666667,2011,NA,NA,NA
Utah,136.66666666666666,71.06666666666666,43.333333333333336,2011,NA,NA,NA
Vermont,93.75,52.5,36.5,2011,NA,NA,NA
Virgin Islands,72.5,52.5,28,2011,NA,NA,NA
Virginia,105.52631578947368,57.421052631578945,36.36842105263158,2011,NA,NA,NA
Washington,100.3,57.56666666666667,30.166666666666668,2011,NA,NA,NA
West Virginia,112,67.33333333333333,43.333333333333336,2011,NA,NA,NA
Wisconsin,122.3,60.3,39.3,2011,NA,NA,NA
Wyoming,99.44444444444444,55,35.166666666666664,2011,NA,NA,NA
Alabama,110.82352941176471,64.82352941176471,44.05882352941177,2012,NA,NA,NA
Alaska,101.625,53.625,25.25,2012,NA,NA,NA
Arizona,171.92307692307693,80.6923076923077,47.15384615384615,2012,NA,NA,NA
Arkansas,105.21428571428571,67.42857142857143,48,2012,NA,NA,NA
California,304.462962962963,89.35185185185185,52.25925925925926,2012,NA,NA,NA
Colorado,126.06451612903226,70.16129032258064,41.096774193548384,2012,NA,NA,NA
Connecticut,170.25,79.75,46.625,2012,NA,NA,NA
Country Of Mexico,331,92.5,37.5,2012,NA,NA,NA
Delaware,177.66666666666666,79.66666666666667,46.666666666666664,2012,NA,NA,NA
District Of Columbia,182,91,61,2012,NA,NA,NA
Florida,113.23684210526316,56.5,41.526315789473685,2012,NA,NA,NA
Georgia,125.96875,66.15625,49.125,2012,NA,NA,NA
Hawaii,97.5,60,43.75,2012,NA,NA,NA
Idaho,172.28571428571428,62.785714285714285,29.928571428571427,2012,NA,NA,NA
Illinois,155.7826086956522,80.43478260869566,43,2012,NA,NA,NA
Indiana,143.41666666666666,82.02777777777777,49.5,2012,NA,NA,NA
Iowa,107.3157894736842,70.6842105263158,48.421052631578945,2012,NA,NA,NA
Kansas,132.92307692307693,72.38461538461539,36.69230769230769,2012,NA,NA,NA
Kentucky,151.10344827586206,76.24137931034483,45.172413793103445,2012,NA,NA,NA
Louisiana,124.68181818181819,66.68181818181819,45.95454545454545,2012,NA,NA,NA
Maine,95.9090909090909,51.36363636363637,35.63636363636363,2012,NA,NA,NA
Maryland,180.53333333333333,84.2,49,2012,NA,NA,NA
Massachusetts,147.16666666666666,63.833333333333336,43.083333333333336,2012,NA,NA,NA
Michigan,163.46428571428572,88.10714285714286,42.607142857142854,2012,NA,NA,NA
Minnesota,102.19047619047619,59,38.19047619047619,2012,NA,NA,NA
Mississippi,118.63636363636364,64.72727272727273,47.36363636363637,2012,NA,NA,NA
Missouri,149.85714285714286,89.38095238095238,49,2012,NA,NA,NA
Montana,120.3157894736842,63.26315789473684,33.1578947368421,2012,NA,NA,NA
Nebraska,97.63636363636364,61.90909090909091,37.90909090909091,2012,NA,NA,NA
Nevada,182.9,64.3,36.7,2012,NA,NA,NA
New Hampshire,115.42857142857143,62.42857142857143,40.714285714285715,2012,NA,NA,NA
New Jersey,146.75,74.3125,44.5625,2012,NA,NA,NA
New Mexico,246.88888888888889,57.833333333333336,35.333333333333336,2012,NA,NA,NA
New York,125.42424242424242,59.303030303030305,39.42424242424242,2012,NA,NA,NA
North Carolina,130.26666666666668,63.733333333333334,45.4,2012,NA,NA,NA
North Dakota,80.75,55.375,39.625,2012,NA,NA,NA
Ohio,162.89473684210526,82.26315789473684,48.60526315789474,2012,NA,NA,NA
Oklahoma,143.45454545454547,81.5909090909091,46.18181818181818,2012,NA,NA,NA
Oregon,147.33333333333334,61.166666666666664,33.75,2012,NA,NA,NA
Pennsylvania,147.56756756756758,75.29729729729729,48.54054054054054,2012,NA,NA,NA
Puerto Rico,71.16666666666667,48.416666666666664,23.333333333333332,2012,NA,NA,NA
Rhode Island,161.66666666666666,64,43,2012,NA,NA,NA
South Carolina,109.42105263157895,60.26315789473684,43.68421052631579,2012,NA,NA,NA
South Dakota,106,64,42.888888888888886,2012,NA,NA,NA
Tennessee,139.69565217391303,70.26086956521739,42.30434782608695,2012,NA,NA,NA
Texas,154.48837209302326,71.27906976744185,45.372093023255815,2012,NA,NA,NA
Utah,129.66666666666666,75.93333333333334,46.333333333333336,2012,NA,NA,NA
Vermont,94.5,56.5,35.25,2012,NA,NA,NA
Virgin Islands,78.5,60.5,23,2012,NA,NA,NA
Virginia,108.10526315789474,55.31578947368421,35.36842105263158,2012,NA,NA,NA
Washington,129.6551724137931,58.89655172413793,33.172413793103445,2012,NA,NA,NA
West Virginia,123.13333333333334,70,44.13333333333333,2012,NA,NA,NA
Wisconsin,139.74193548387098,74.35483870967742,39.70967741935484,2012,NA,NA,NA
Wyoming,122.6842105263158,64.05263157894737,37.526315789473685,2012,NA,NA,NA
Alabama,86.77777777777777,57,41.27777777777778,2013,NA,NA,NA
Alaska,112.375,54.375,24.75,2013,NA,NA,NA
Arizona,244.53846153846155,75,45.07692307692308,2013,NA,NA,NA
Arkansas,93.9090909090909,62.18181818181818,44.09090909090909,2013,NA,NA,NA
California,226.85185185185185,88.5,53.48148148148148,2013,NA,NA,NA
Colorado,167.16666666666666,67.6,40.36666666666667,2013,NA,NA,NA
Connecticut,156.75,72.25,47.875,2013,NA,NA,NA
Country Of Mexico,381.5,95.5,31.5,2013,NA,NA,NA
Delaware,123,66,47,2013,NA,NA,NA
District Of Columbia,101,72,55,2013,NA,NA,NA
Florida,100.57894736842105,54.13157894736842,39.63157894736842,2013,NA,NA,NA
Georgia,98.375,60,45.09375,2013,NA,NA,NA
Hawaii,76,56,38.5,2013,NA,NA,NA
Idaho,126.53846153846153,57.92307692307692,30.46153846153846,2013,NA,NA,NA
Illinois,103.43478260869566,58.04347826086956,40.869565217391305,2013,NA,NA,NA
Indiana,102.33333333333333,63.30555555555556,46.916666666666664,2013,NA,NA,NA
Iowa,101.47368421052632,61.89473684210526,46.78947368421053,2013,NA,NA,NA
Kansas,88.61538461538461,51.61538461538461,33.92307692307692,2013,NA,NA,NA
Kentucky,93.58620689655173,55.41379310344828,41.44827586206897,2013,NA,NA,NA
Louisiana,114.63636363636364,59.81818181818182,43.40909090909091,2013,NA,NA,NA
Maine,117.45454545454545,51.18181818181818,36.18181818181818,2013,NA,NA,NA
Maryland,116.86666666666666,66.06666666666666,45.4,2013,NA,NA,NA
Massachusetts,120.33333333333333,61,42.666666666666664,2013,NA,NA,NA
Michigan,112.39285714285714,63.035714285714285,40.17857142857143,2013,NA,NA,NA
Minnesota,89.4,58.15,38,2013,NA,NA,NA
Mississippi,98.8,55,40.9,2013,NA,NA,NA
Missouri,109.38095238095238,64.76190476190476,45.38095238095238,2013,NA,NA,NA
Montana,93.36842105263158,53.63157894736842,32,2013,NA,NA,NA
Nebraska,84.9090909090909,54.45454545454545,31.90909090909091,2013,NA,NA,NA
Nevada,219.6,64.3,39.2,2013,NA,NA,NA
New Hampshire,103.28571428571429,60.142857142857146,40.57142857142857,2013,NA,NA,NA
New Jersey,122.9375,64.25,42.375,2013,NA,NA,NA
New Mexico,140.66666666666666,60.55555555555556,35.5,2013,NA,NA,NA
New York,106.72413793103448,55.89655172413793,38.689655172413794,2013,NA,NA,NA
North Carolina,92.65217391304348,56.56521739130435,42,2013,NA,NA,NA
North Dakota,82.88888888888889,54.333333333333336,39.44444444444444,2013,NA,NA,NA
Ohio,111.3157894736842,61.89473684210526,44.26315789473684,2013,NA,NA,NA
Oklahoma,110.69565217391305,64.95652173913044,42.608695652173914,2013,NA,NA,NA
Oregon,142.45833333333334,69.29166666666667,39.458333333333336,2013,NA,NA,NA
Pennsylvania,124.5,65.76315789473684,46.921052631578945,2013,NA,NA,NA
Puerto Rico,58.416666666666664,38.5,19.916666666666668,2013,NA,NA,NA
Rhode Island,154,60.333333333333336,43.666666666666664,2013,NA,NA,NA
South Carolina,84.47368421052632,53.05263157894737,39.526315789473685,2013,NA,NA,NA
South Dakota,90.55555555555556,59.111111111111114,42.333333333333336,2013,NA,NA,NA
Tennessee,87.96,57.44,43,2013,NA,NA,NA
Texas,126.55813953488372,67.37209302325581,43.04651162790697,2013,NA,NA,NA
Utah,144.86666666666667,86.26666666666667,46.46666666666667,2013,NA,NA,NA
Vermont,105,56.25,35.75,2013,NA,NA,NA
Virgin Islands,79.5,61,27.5,2013,NA,NA,NA
Virginia,84.27777777777777,48.94444444444444,33.52777777777778,2013,NA,NA,NA
Washington,113.82758620689656,62.03448275862069,34.37931034482759,2013,NA,NA,NA
West Virginia,99.2,58.266666666666666,40,2013,NA,NA,NA
Wisconsin,95.40625,58.21875,37.875,2013,NA,NA,NA
Wyoming,108.33333333333333,54.55555555555556,37.27777777777778,2013,NA,NA,NA
Alabama,93.77777777777777,58.94444444444444,41.77777777777778,2014,NA,NA,NA
Alaska,139.375,62,27,2014,NA,NA,NA
Arizona,211.07692307692307,73.46153846153847,44.61538461538461,2014,NA,NA,NA
Arkansas,89.18181818181819,60.18181818181818,42.45454545454545,2014,NA,NA,NA
California,216.9814814814815,86.01851851851852,52.51851851851852,2014,NA,NA,NA
Colorado,105.16666666666667,57.333333333333336,37.233333333333334,2014,NA,NA,NA
Connecticut,132.25,69.875,45.125,2014,NA,NA,NA
Country Of Mexico,126,93,48,2014,NA,NA,NA
Delaware,122,69.66666666666667,49.666666666666664,2014,NA,NA,NA
District Of Columbia,140,71,53,2014,NA,NA,NA
Florida,101.25641025641026,55.48717948717949,40.794871794871796,2014,NA,NA,NA
Georgia,104.125,61.9375,47.78125,2014,NA,NA,NA
Hawaii,127.5,52.25,35.5,2014,NA,NA,NA
Idaho,116.7,55.1,31.8,2014,NA,NA,NA
Illinois,104.6086956521739,60.17391304347826,40.91304347826087,2014,NA,NA,NA
Indiana,111.56410256410257,64.7948717948718,46.87179487179487,2014,NA,NA,NA
Iowa,100.57894736842105,61.63157894736842,44.89473684210526,2014,NA,NA,NA
Kansas,100.91666666666667,51.583333333333336,34,2014,NA,NA,NA
Kentucky,96.03448275862068,58.44827586206897,41.793103448275865,2014,NA,NA,NA
Louisiana,114.0909090909091,60.59090909090909,43.72727272727273,2014,NA,NA,NA
Maine,93.54545454545455,51.18181818181818,36,2014,NA,NA,NA
Maryland,107.375,66.125,46.5625,2014,NA,NA,NA
Massachusetts,95.46153846153847,58.38461538461539,42.92307692307692,2014,NA,NA,NA
Michigan,111.39285714285714,64.07142857142857,42.57142857142857,2014,NA,NA,NA
Minnesota,93.52380952380952,56.857142857142854,36.61904761904762,2014,NA,NA,NA
Mississippi,103.3,54.9,41.7,2014,NA,NA,NA
Missouri,107.28571428571429,63.714285714285715,43.80952380952381,2014,NA,NA,NA
Montana,112.73684210526316,54.36842105263158,31.68421052631579,2014,NA,NA,NA
Nebraska,84.0909090909091,51.72727272727273,30.09090909090909,2014,NA,NA,NA
Nevada,219.44444444444446,65.88888888888889,42.888888888888886,2014,NA,NA,NA
New Hampshire,106.42857142857143,56.285714285714285,40.857142857142854,2014,NA,NA,NA
New Jersey,124.625,61.75,43.0625,2014,NA,NA,NA
New Mexico,112.70588235294117,52.470588235294116,35.294117647058826,2014,NA,NA,NA
New York,103.96551724137932,53.93103448275862,38.41379310344828,2014,NA,NA,NA
North Carolina,91.91304347826087,59.82608695652174,44.5,2014,NA,NA,NA
North Dakota,117.66666666666667,51.333333333333336,36.333333333333336,2014,NA,NA,NA
Ohio,110.21052631578948,63.05263157894737,44.526315789473685,2014,NA,NA,NA
Oklahoma,106.36363636363636,60.77272727272727,41.63636363636363,2014,NA,NA,NA
Oregon,128.47826086956522,62.78260869565217,34.08695652173913,2014,NA,NA,NA
Pennsylvania,111.34210526315789,63.55263157894737,47.23684210526316,2014,NA,NA,NA
Puerto Rico,71.75,40.083333333333336,19.5,2014,NA,NA,NA
Rhode Island,106.33333333333333,54.333333333333336,40.333333333333336,2014,NA,NA,NA
South Carolina,89.78947368421052,55.63157894736842,42.10526315789474,2014,NA,NA,NA
South Dakota,91.33333333333333,53.666666666666664,36.333333333333336,2014,NA,NA,NA
Tennessee,92.20833333333333,59.5,42.833333333333336,2014,NA,NA,NA
Texas,110.3953488372093,61.674418604651166,42.53488372093023,2014,NA,NA,NA
Utah,118.26666666666667,62.86666666666667,42.86666666666667,2014,NA,NA,NA
Vermont,86.5,57.25,33.75,2014,NA,NA,NA
Virgin Islands,86.5,62,40.5,2014,NA,NA,NA
Virginia,79.37142857142857,48.77142857142857,34.457142857142856,2014,NA,NA,NA
Washington,106.55172413793103,57.55172413793103,31.586206896551722,2014,NA,NA,NA
West Virginia,89.73333333333333,57.2,39.06666666666667,2014,NA,NA,NA
Wisconsin,113.5,60.80769230769231,41.07692307692308,2014,NA,NA,NA
Wyoming,89.89473684210526,50.68421052631579,35.89473684210526,2014,NA,NA,NA
Alabama,106.77777777777777,60.388888888888886,44.94444444444444,2015,NA,NA,NA
Alaska,105.125,57.375,26.625,2015,NA,NA,NA
Arizona,178.15384615384616,67.15384615384616,41.38461538461539,2015,NA,NA,NA
Arkansas,85.36363636363636,58.45454545454545,41.27272727272727,2015,NA,NA,NA
California,254.8148148148148,86.0925925925926,52.648148148148145,2015,NA,NA,NA
Colorado,110.03225806451613,55.54838709677419,36.096774193548384,2015,NA,NA,NA
Connecticut,149.5,71.875,44.5,2015,NA,NA,NA
Country Of Mexico,174,141,73,2015,NA,NA,NA
Delaware,129,71.66666666666667,47,2015,NA,NA,NA
District Of Columbia,126,76,53,2015,NA,NA,NA
Florida,85.23076923076923,53.12820512820513,38.84615384615385,2015,NA,NA,NA
Georgia,107.53125,58.96875,44.25,2015,NA,NA,NA
Hawaii,75.25,56,38,2015,NA,NA,NA
Idaho,170.75,59.5,30.9,2015,NA,NA,NA
Illinois,104.56521739130434,59.56521739130435,42,2015,NA,NA,NA
Indiana,108.2051282051282,61.94871794871795,44.76923076923077,2015,NA,NA,NA
Iowa,105.36842105263158,58.94736842105263,43.68421052631579,2015,NA,NA,NA
Kansas,97.18181818181819,52.18181818181818,33.72727272727273,2015,NA,NA,NA
Kentucky,101.92857142857143,58.357142857142854,42.607142857142854,2015,NA,NA,NA
Louisiana,108.45454545454545,59.22727272727273,41.5,2015,NA,NA,NA
Maine,99.83333333333333,52.25,36.75,2015,NA,NA,NA
Maryland,125,69.875,46.875,2015,NA,NA,NA
Massachusetts,119.07692307692308,58.46153846153846,40.07692307692308,2015,NA,NA,NA
Michigan,116.85714285714286,61.892857142857146,42.035714285714285,2015,NA,NA,NA
Minnesota,110.76190476190476,53.95238095238095,36.095238095238095,2015,NA,NA,NA
Mississippi,87.81818181818181,55.09090909090909,40.18181818181818,2015,NA,NA,NA
Missouri,103.0952380952381,60,42.42857142857143,2015,NA,NA,NA
Montana,180.52631578947367,59.26315789473684,32.94736842105263,2015,NA,NA,NA
Nebraska,85.72727272727273,49.54545454545455,30.727272727272727,2015,NA,NA,NA
Nevada,134,65.66666666666667,41.666666666666664,2015,NA,NA,NA
New Hampshire,119.28571428571429,56,40.285714285714285,2015,NA,NA,NA
New Jersey,132.8125,68.6875,42.375,2015,NA,NA,NA
New Mexico,90.5,50.3125,32.125,2015,NA,NA,NA
New York,111.96551724137932,57.10344827586207,38.96551724137931,2015,NA,NA,NA
North Carolina,88.88636363636364,59.79545454545455,43.18181818181818,2015,NA,NA,NA
North Dakota,152.5,54.3,35.5,2015,NA,NA,NA
Ohio,109.07692307692308,63.76923076923077,42.69230769230769,2015,NA,NA,NA
Oklahoma,97.04347826086956,55.21739130434783,38.608695652173914,2015,NA,NA,NA
Oregon,171.6086956521739,64.95652173913044,35.391304347826086,2015,NA,NA,NA
Pennsylvania,118.24324324324324,68.13513513513513,46.972972972972975,2015,NA,NA,NA
Puerto Rico,82.1,46.4,22,2015,NA,NA,NA
Rhode Island,163.33333333333334,62.666666666666664,44.666666666666664,2015,NA,NA,NA
South Carolina,84.89473684210526,53.05263157894737,39.26315789473684,2015,NA,NA,NA
South Dakota,120.4,55.3,38.2,2015,NA,NA,NA
Tennessee,90.625,57.875,41.208333333333336,2015,NA,NA,NA
Texas,122.73170731707317,64.8048780487805,41.609756097560975,2015,NA,NA,NA
Utah,127.14285714285714,66.42857142857143,41.92857142857143,2015,NA,NA,NA
Vermont,96,57,34,2015,NA,NA,NA
Virgin Islands,81,70,43,2015,NA,NA,NA
Virginia,80.65714285714286,50.22857142857143,34.82857142857143,2015,NA,NA,NA
Washington,166.06896551724137,60.13793103448276,33.793103448275865,2015,NA,NA,NA
West Virginia,101.06666666666666,59.86666666666667,39.53333333333333,2015,NA,NA,NA
Wisconsin,109.18518518518519,59.407407407407405,39.74074074074074,2015,NA,NA,NA
Wyoming,110.78947368421052,53.10526315789474,35.89473684210526,2015,NA,NA,NA
Alabama,113.05555555555556,58.388888888888886,44.27777777777778,2016,NA,NA,NA
Alaska,92.28571428571429,56.285714285714285,28.571428571428573,2016,NA,NA,NA
Arizona,237.3846153846154,66.07692307692308,44.07692307692308,2016,NA,NA,NA
Arkansas,85.0909090909091,56.54545454545455,42.45454545454545,2016,NA,NA,NA
California,283.14814814814815,84.33333333333333,50.074074074074076,2016,NA,NA,NA
Colorado,104.21875,54.71875,36.03125,2016,NA,NA,NA
Connecticut,164.625,70.875,42.875,2016,NA,NA,NA
Country Of Mexico,194,126,67,2016,NA,NA,NA
Delaware,139.66666666666666,66,45.666666666666664,2016,NA,NA,NA
District Of Columbia,129,71,53,2016,NA,NA,NA
Florida,95.97435897435898,54.256410256410255,41.256410256410255,2016,NA,NA,NA
Georgia,130.21875,61.03125,44.5,2016,NA,NA,NA
Hawaii,92.5,53.75,35.75,2016,NA,NA,NA
Idaho,109.7,58.1,31.35,2016,NA,NA,NA
Illinois,115.34782608695652,59.30434782608695,41.43478260869565,2016,NA,NA,NA
Indiana,114.62162162162163,63.5945945945946,42.62162162162162,2016,NA,NA,NA
Iowa,98.6842105263158,57.05263157894737,41.421052631578945,2016,NA,NA,NA
Kansas,104.72727272727273,51.27272727272727,33.90909090909091,2016,NA,NA,NA
Kentucky,112.03571428571429,59,43.57142857142857,2016,NA,NA,NA
Louisiana,97.86363636363636,56.45454545454545,41.86363636363637,2016,NA,NA,NA
Maine,99.81818181818181,52.45454545454545,34.81818181818182,2016,NA,NA,NA
Maryland,131.0625,68.75,44.9375,2016,NA,NA,NA
Massachusetts,121.3076923076923,55.23076923076923,38.61538461538461,2016,NA,NA,NA
Michigan,123.60714285714286,63.07142857142857,39.785714285714285,2016,NA,NA,NA
Minnesota,103.35,50.85,32.05,2016,NA,NA,NA
Mississippi,86,54.54545454545455,41.54545454545455,2016,NA,NA,NA
Missouri,104.95238095238095,58.333333333333336,40.80952380952381,2016,NA,NA,NA
Montana,123.6842105263158,50.36842105263158,30.68421052631579,2016,NA,NA,NA
Nebraska,81.1,49.5,29.6,2016,NA,NA,NA
Nevada,150.33333333333334,59.666666666666664,38.55555555555556,2016,NA,NA,NA
New Hampshire,99.85714285714286,53.714285714285715,37.285714285714285,2016,NA,NA,NA
New Jersey,137.5625,65.125,44.375,2016,NA,NA,NA
New Mexico,121.75,49.9375,32.25,2016,NA,NA,NA
New York,119.41379310344827,54.724137931034484,37.41379310344828,2016,NA,NA,NA
North Carolina,115.72222222222223,59.111111111111114,42.30555555555556,2016,NA,NA,NA
North Dakota,93.4,44,30.9,2016,NA,NA,NA
Ohio,110.2051282051282,62.56410256410256,41.666666666666664,2016,NA,NA,NA
Oklahoma,93,51.88,38.12,2016,NA,NA,NA
Oregon,92.5,56.22727272727273,30,2016,NA,NA,NA
Pennsylvania,126.67567567567568,63.7027027027027,45.567567567567565,2016,NA,NA,NA
Puerto Rico,121.9090909090909,46.18181818181818,22,2016,NA,NA,NA
Rhode Island,146,57.666666666666664,40.666666666666664,2016,NA,NA,NA
South Carolina,117.6,53.7,40.5,2016,NA,NA,NA
South Dakota,90.8,51.2,33.5,2016,NA,NA,NA
Tennessee,113.45833333333333,57.541666666666664,41,2016,NA,NA,NA
Texas,106.02380952380952,57.357142857142854,40.19047619047619,2016,NA,NA,NA
Utah,126.42857142857143,65,41.07142857142857,2016,NA,NA,NA
Vermont,84.75,48.25,31,2016,NA,NA,NA
Virgin Islands,68,57.5,36,2016,NA,NA,NA
Virginia,91.82352941176471,48.38235294117647,32.705882352941174,2016,NA,NA,NA
Washington,91.06896551724138,51.724137931034484,29.689655172413794,2016,NA,NA,NA
West Virginia,96.71428571428571,56.07142857142857,38.785714285714285,2016,NA,NA,NA
Wisconsin,118.70370370370371,59.81481481481482,37.851851851851855,2016,NA,NA,NA
Wyoming,94.88888888888889,52.166666666666664,37.833333333333336,2016,NA,NA,NA
Alabama,106.88888888888889,58.333333333333336,42.888888888888886,2017,NA,NA,NA
Alaska,96.42857142857143,53.714285714285715,25.428571428571427,2017,NA,NA,NA
Arizona,148.92307692307693,70.76923076923077,45.30769230769231,2017,NA,NA,NA
Arkansas,85.9090909090909,57.18181818181818,44.09090909090909,2017,NA,NA,NA
California,316,89.84905660377359,52.56603773584906,2017,NA,NA,NA
Colorado,99.96875,58.21875,37.4375,2017,NA,NA,NA
Connecticut,151.5,59.125,40.625,2017,NA,NA,NA
Country Of Mexico,370.5,92.5,52,2017,NA,NA,NA
Delaware,122.33333333333333,63.666666666666664,45.333333333333336,2017,NA,NA,NA
District Of Columbia,119,69,56,2017,NA,NA,NA
Florida,106.1025641025641,55.56410256410256,41.41025641025641,2017,NA,NA,NA
Georgia,107.51612903225806,57.70967741935484,43.25806451612903,2017,NA,NA,NA
Hawaii,78.25,51.75,33.25,2017,NA,NA,NA
Idaho,219.5,69.15,35.8,2017,NA,NA,NA
Illinois,112.73913043478261,61.82608695652174,44.17391304347826,2017,NA,NA,NA
Indiana,100.52631578947368,57.8421052631579,42.473684210526315,2017,NA,NA,NA
Iowa,86.33333333333333,58.666666666666664,43.05555555555556,2017,NA,NA,NA
Kansas,94.45454545454545,51,34.81818181818182,2017,NA,NA,NA
Kentucky,91.57142857142857,55.392857142857146,43.32142857142857,2017,NA,NA,NA
Louisiana,103.95454545454545,56.63636363636363,41,2017,NA,NA,NA
Maine,122.0909090909091,52.18181818181818,36.36363636363637,2017,NA,NA,NA
Maryland,117.75,62.375,44.125,2017,NA,NA,NA
Massachusetts,129.76923076923077,55.07692307692308,40.30769230769231,2017,NA,NA,NA
Michigan,104.53571428571429,58.035714285714285,39.357142857142854,2017,NA,NA,NA
Minnesota,87.25,54.1,35.6,2017,NA,NA,NA
Mississippi,78.72727272727273,53.54545454545455,40.09090909090909,2017,NA,NA,NA
Missouri,99.19047619047619,58.95238095238095,42.76190476190476,2017,NA,NA,NA
Montana,228.57894736842104,74.10526315789474,35.578947368421055,2017,NA,NA,NA
Nebraska,90.66666666666667,54.111111111111114,34.55555555555556,2017,NA,NA,NA
Nevada,146.66666666666666,61.888888888888886,39.55555555555556,2017,NA,NA,NA
New Hampshire,104.85714285714286,53.57142857142857,37.142857142857146,2017,NA,NA,NA
New Jersey,115.625,61,42.9375,2017,NA,NA,NA
New Mexico,136.1875,56.8125,33.6875,2017,NA,NA,NA
New York,102.03448275862068,52.793103448275865,37.275862068965516,2017,NA,NA,NA
North Carolina,87.30555555555556,55.583333333333336,41.94444444444444,2017,NA,NA,NA
North Dakota,142.72727272727272,51.63636363636363,35,2017,NA,NA,NA
Ohio,106.1025641025641,57.794871794871796,40.51282051282051,2017,NA,NA,NA
Oklahoma,92.81481481481481,54.925925925925924,39.25925925925926,2017,NA,NA,NA
Oregon,242.3913043478261,73.04347826086956,35.08695652173913,2017,NA,NA,NA
Pennsylvania,106.32432432432432,62.2972972972973,46.16216216216216,2017,NA,NA,NA
Puerto Rico,113.36363636363636,51.54545454545455,28.636363636363637,2017,NA,NA,NA
Rhode Island,144.66666666666666,54.333333333333336,37.333333333333336,2017,NA,NA,NA
South Carolina,84.52631578947368,51.63157894736842,38.36842105263158,2017,NA,NA,NA
South Dakota,108.4,52.9,35.1,2017,NA,NA,NA
Tennessee,90.8695652173913,56.95652173913044,41.91304347826087,2017,NA,NA,NA
Texas,114.61904761904762,60,41.595238095238095,2017,NA,NA,NA
Utah,138,74.57142857142857,45.714285714285715,2017,NA,NA,NA
Vermont,79,49.75,32,2017,NA,NA,NA
Virgin Islands,76,60,26.5,2017,NA,NA,NA
Virginia,75.72727272727273,46.75757575757576,33.515151515151516,2017,NA,NA,NA
Washington,195.33333333333334,64.86666666666666,32.93333333333333,2017,NA,NA,NA
West Virginia,83.14285714285714,54.785714285714285,39.285714285714285,2017,NA,NA,NA
Wisconsin,100.88888888888889,57.18518518518518,38.74074074074074,2017,NA,NA,NA
Wyoming,169.58823529411765,60.05882352941177,39.05882352941177,2017,NA,NA,NA
Alabama,99.11764705882354,58.1764705882353,41.411764705882355,2018,NA,NA,NA
Alaska,87.25,51.25,25.875,2018,NA,NA,NA
Arizona,206.76923076923077,72.6923076923077,44.46153846153846,2018,NA,NA,NA
Arkansas,95.08333333333333,58.833333333333336,42.833333333333336,2018,NA,NA,NA
California,252.0943396226415,89.05660377358491,52.56603773584906,2018,NA,NA,NA
Colorado,129.84848484848484,68.78787878787878,40.27272727272727,2018,NA,NA,NA
Connecticut,144,62,39.875,2018,NA,NA,NA
Country Of Mexico,303,95,57,2018,NA,NA,NA
Delaware,141,63.666666666666664,44,2018,NA,NA,NA
District Of Columbia,164,74,52,2018,NA,NA,NA
Florida,101.6923076923077,54.23076923076923,39.35897435897436,2018,NA,NA,NA
Georgia,95.62068965517241,57.13793103448276,40.62068965517241,2018,NA,NA,NA
Hawaii,89.5,51.25,32.25,2018,NA,NA,NA
Idaho,154.15,62.9,33.7,2018,NA,NA,NA
Illinois,124.43478260869566,62.69565217391305,44.869565217391305,2018,NA,NA,NA
Indiana,115.8108108108108,58.108108108108105,40.567567567567565,2018,NA,NA,NA
Iowa,97.5625,60.6875,45,2018,NA,NA,NA
Kansas,105.18181818181819,55.90909090909091,35.72727272727273,2018,NA,NA,NA
Kentucky,101.07407407407408,57.074074074074076,41.74074074074074,2018,NA,NA,NA
Louisiana,104.13636363636364,59.36363636363637,39.90909090909091,2018,NA,NA,NA
Maine,116,52.1,37.2,2018,NA,NA,NA
Maryland,122.25,63.75,42.9375,2018,NA,NA,NA
Massachusetts,117.23076923076923,56.69230769230769,40.15384615384615,2018,NA,NA,NA
Michigan,121.75,59.32142857142857,38.357142857142854,2018,NA,NA,NA
Minnesota,100.42857142857143,57.285714285714285,37.095238095238095,2018,NA,NA,NA
Mississippi,105.54545454545455,59,42.54545454545455,2018,NA,NA,NA
Missouri,109.85714285714286,62.04761904761905,41.23809523809524,2018,NA,NA,NA
Montana,142.47368421052633,60.68421052631579,33.94736842105263,2018,NA,NA,NA
Nebraska,83.55555555555556,52.77777777777778,33,2018,NA,NA,NA
Nevada,143.11111111111111,66.77777777777777,38.44444444444444,2018,NA,NA,NA
New Hampshire,95.71428571428571,53.714285714285715,38,2018,NA,NA,NA
New Jersey,140.1875,63.9375,42.9375,2018,NA,NA,NA
New Mexico,110.1875,64.0625,35.6875,2018,NA,NA,NA
New York,122.92857142857143,55.607142857142854,37,2018,NA,NA,NA
North Carolina,91.22222222222223,58.02777777777778,40.861111111111114,2018,NA,NA,NA
North Dakota,110,57,37.4,2018,NA,NA,NA
Ohio,108.25,60.525,40.125,2018,NA,NA,NA
Oklahoma,122.88,62.04,41.52,2018,NA,NA,NA
Oregon,171.52173913043478,71.04347826086956,36.56521739130435,2018,NA,NA,NA
Pennsylvania,111.76923076923077,61.717948717948715,41.794871794871796,2018,NA,NA,NA
Puerto Rico,104.57142857142857,50.857142857142854,31.714285714285715,2018,NA,NA,NA
Rhode Island,134,58,39.333333333333336,2018,NA,NA,NA
South Carolina,83.38888888888889,53.333333333333336,37.72222222222222,2018,NA,NA,NA
South Dakota,134.3,54.1,35.8,2018,NA,NA,NA
Tennessee,98.73913043478261,59.08695652173913,40.52173913043478,2018,NA,NA,NA
Texas,130.42857142857142,62.714285714285715,40.904761904761905,2018,NA,NA,NA
Utah,131.73333333333332,79,45.8,2018,NA,NA,NA
Vermont,84.5,52,32,2018,NA,NA,NA
Virgin Islands,78.33333333333333,50.666666666666664,32.333333333333336,2018,NA,NA,NA
Virginia,80.96875,48.46875,32.71875,2018,NA,NA,NA
Washington,216.26666666666668,62.06666666666667,31.666666666666668,2018,NA,NA,NA
West Virginia,87.28571428571429,55.357142857142854,37.285714285714285,2018,NA,NA,NA
Wisconsin,124.5925925925926,62.55555555555556,41.629629629629626,2018,NA,NA,NA
Wyoming,106.5,59.27777777777778,39.77777777777778,2018,NA,NA,NA
Alabama,89.88235294117646,58.588235294117645,43.470588235294116,2019,NA,NA,NA
Alaska,163.22222222222223,49.55555555555556,23.11111111111111,2019,NA,NA,NA
Arizona,166.15384615384616,64.46153846153847,43.07692307692308,2019,NA,NA,NA
Arkansas,85.3076923076923,57.69230769230769,43.76923076923077,2019,NA,NA,NA
California,234.39622641509433,75.35849056603773,46.716981132075475,2019,NA,NA,NA
Colorado,98.29032258064517,57.12903225806452,38.096774193548384,2019,NA,NA,NA
Connecticut,131.625,59.25,41.125,2019,NA,NA,NA
Country Of Mexico,135,89,57.5,2019,NA,NA,NA
Delaware,104.66666666666667,64.33333333333333,45,2019,NA,NA,NA
District Of Columbia,159,73,49,2019,NA,NA,NA
Florida,93.1025641025641,54.23076923076923,40,2019,NA,NA,NA
Georgia,106.06896551724138,60.41379310344828,44.55172413793103,2019,NA,NA,NA
Hawaii,96,36.25,21.25,2019,NA,NA,NA
Idaho,92.5,54.25,30.55,2019,NA,NA,NA
Illinois,106.04347826086956,61.17391304347826,45.17391304347826,2019,NA,NA,NA
Indiana,90.05405405405405,56.67567567567568,40.83783783783784,2019,NA,NA,NA
Iowa,86.25,57.6875,40.4375,2019,NA,NA,NA
Kansas,100.81818181818181,51.54545454545455,34.27272727272727,2019,NA,NA,NA
Kentucky,82.07407407407408,54.925925925925924,42.629629629629626,2019,NA,NA,NA
Louisiana,92.31818181818181,57.59090909090909,40.68181818181818,2019,NA,NA,NA
Maine,94.7,49.2,35.6,2019,NA,NA,NA
Maryland,109.0625,60.3125,42.5625,2019,NA,NA,NA
Massachusetts,96.15384615384616,53.69230769230769,40.76923076923077,2019,NA,NA,NA
Michigan,91.53571428571429,53.392857142857146,37.107142857142854,2019,NA,NA,NA
Minnesota,97.80952380952381,53.57142857142857,33.19047619047619,2019,NA,NA,NA
Mississippi,92.3,57.5,43.7,2019,NA,NA,NA
Missouri,91.76190476190476,55.38095238095238,40.76190476190476,2019,NA,NA,NA
Montana,98.63157894736842,51.578947368421055,30.736842105263158,2019,NA,NA,NA
Nebraska,70.66666666666667,47.55555555555556,29.444444444444443,2019,NA,NA,NA
Nevada,95.22222222222223,53.44444444444444,35.44444444444444,2019,NA,NA,NA
New Hampshire,77.28571428571429,48.285714285714285,36.285714285714285,2019,NA,NA,NA
New Jersey,114.5625,60.8125,43.5,2019,NA,NA,NA
New Mexico,154.5625,55.4375,33.3125,2019,NA,NA,NA
New York,85.79310344827586,51.758620689655174,37.10344827586207,2019,NA,NA,NA
North Carolina,84.61111111111111,57.361111111111114,42.083333333333336,2019,NA,NA,NA
North Dakota,88.2,49.8,34.9,2019,NA,NA,NA
Ohio,93.2,56.975,40.5,2019,NA,NA,NA
Oklahoma,95.18181818181819,55.63636363636363,39.45454545454545,2019,NA,NA,NA
Oregon,107.75,60.916666666666664,33.083333333333336,2019,NA,NA,NA
Pennsylvania,103.175,59.35,42.05,2019,NA,NA,NA
Puerto Rico,91.8,53.5,26.9,2019,NA,NA,NA
Rhode Island,103,53.333333333333336,39.333333333333336,2019,NA,NA,NA
South Carolina,82.38888888888889,53.666666666666664,38.22222222222222,2019,NA,NA,NA
South Dakota,90.4,52.4,33.5,2019,NA,NA,NA
Tennessee,87.08695652173913,57.65217391304348,41.21739130434783,2019,NA,NA,NA
Texas,115.95121951219512,60.390243902439025,42.21951219512195,2019,NA,NA,NA
Utah,126.46666666666667,63.333333333333336,43.93333333333333,2019,NA,NA,NA
Vermont,79.5,47,31.75,2019,NA,NA,NA
Virgin Islands,81,59.666666666666664,28.333333333333332,2019,NA,NA,NA
Virginia,74.8125,47.1875,34.46875,2019,NA,NA,NA
Washington,87.83870967741936,55.96774193548387,31.032258064516128,2019,NA,NA,NA
West Virginia,81.5,54.357142857142854,38.785714285714285,2019,NA,NA,NA
Wisconsin,99.5925925925926,55.74074074074074,38.55555555555556,2019,NA,NA,NA
Wyoming,98.16666666666667,52.388888888888886,38.94444444444444,2019,NA,NA,NA
Alabama,92.73333333333333,57,40.53333333333333,2021,NA,NA,NA
Alaska,99,45.625,20.625,2021,NA,NA,NA
Arizona,163.46153846153845,76.76923076923077,50.38461538461539,2021,NA,NA,NA
Arkansas,90.18181818181819,58.81818181818182,42.63636363636363,2021,NA,NA,NA
California,306.9433962264151,90,51.264150943396224,2021,NA,NA,NA
Colorado,144.61290322580646,73.25806451612904,39.70967741935484,2021,NA,NA,NA
Connecticut,142.875,63.75,40.375,2021,NA,NA,NA
Country Of Mexico,124,90.5,51.5,2021,NA,NA,NA
Delaware,117.33333333333333,60.666666666666664,43.333333333333336,2021,NA,NA,NA
District Of Columbia,153,71,51,2021,NA,NA,NA
Florida,84.94736842105263,53.21052631578947,40.921052631578945,2021,NA,NA,NA
Georgia,101.13793103448276,59.13793103448276,42.6551724137931,2021,NA,NA,NA
Hawaii,58.25,36.75,23.25,2021,NA,NA,NA
Idaho,164.94736842105263,69.47368421052632,36.68421052631579,2021,NA,NA,NA
Illinois,111.69565217391305,63.26086956521739,45.95652173913044,2021,NA,NA,NA
Indiana,102.03030303030303,59.333333333333336,41.57575757575758,2021,NA,NA,NA
Iowa,107.375,60.625,44,2021,NA,NA,NA
Kansas,155.54545454545453,57.63636363636363,39.54545454545455,2021,NA,NA,NA
Kentucky,99.61538461538461,56.80769230769231,41.46153846153846,2021,NA,NA,NA
Louisiana,99.9090909090909,54.95454545454545,39.31818181818182,2021,NA,NA,NA
Maine,121.5,50.6,34.9,2021,NA,NA,NA
Maryland,110.8125,59.8125,41.25,2021,NA,NA,NA
Massachusetts,121.84615384615384,56.53846153846154,40,2021,NA,NA,NA
Michigan,107.74074074074075,60.629629629629626,40.074074074074076,2021,NA,NA,NA
Minnesota,165.04761904761904,60.19047619047619,37,2021,NA,NA,NA
Mississippi,85.4,55.3,42.5,2021,NA,NA,NA
Missouri,106.85714285714286,55.42857142857143,39.95238095238095,2021,NA,NA,NA
Montana,153.6315789473684,71.6842105263158,34.473684210526315,2021,NA,NA,NA
Nebraska,107,54.9,34.3,2021,NA,NA,NA
Nevada,198.33333333333334,77.11111111111111,41.44444444444444,2021,NA,NA,NA
New Hampshire,124,52.142857142857146,37.42857142857143,2021,NA,NA,NA
New Jersey,119.6875,59.9375,42.375,2021,NA,NA,NA
New Mexico,173.0625,59.9375,35.125,2021,NA,NA,NA
New York,122.11111111111111,54.888888888888886,37.629629629629626,2021,NA,NA,NA
North Carolina,91.22222222222223,55.833333333333336,40.25,2021,NA,NA,NA
North Dakota,180.44444444444446,69.33333333333333,38.44444444444444,2021,NA,NA,NA
Ohio,99.17948717948718,59.53846153846154,40.51282051282051,2021,NA,NA,NA
Oklahoma,124.1,63.4,44.8,2021,NA,NA,NA
Oregon,172.6086956521739,66.3913043478261,34.130434782608695,2021,NA,NA,NA
Pennsylvania,120.65,62.325,43.6,2021,NA,NA,NA
Puerto Rico,109.4,51.1,25.3,2021,NA,NA,NA
Rhode Island,139.66666666666666,56,38.333333333333336,2021,NA,NA,NA
South Carolina,91.57142857142857,57.07142857142857,41.214285714285715,2021,NA,NA,NA
South Dakota,210.2,61.7,35.4,2021,NA,NA,NA
Tennessee,102.1304347826087,57.91304347826087,40.26086956521739,2021,NA,NA,NA
Texas,112.68888888888888,59.93333333333333,40.55555555555556,2021,NA,NA,NA
Utah,142.93333333333334,75.66666666666667,43.86666666666667,2021,NA,NA,NA
Vermont,103.5,50.25,32,2021,NA,NA,NA
Virgin Islands,72.5,53.5,25,2021,NA,NA,NA
Virginia,86.4375,47.59375,33.21875,2021,NA,NA,NA
Washington,150.2258064516129,55.83870967741935,31.129032258064516,2021,NA,NA,NA
West Virginia,84.35714285714286,56.57142857142857,37.642857142857146,2021,NA,NA,NA
Wisconsin,118.03448275862068,63.55172413793103,41.41379310344828,2021,NA,NA,NA
Wyoming,159.44444444444446,64.88888888888889,35.55555555555556,2021,NA,NA,NA
Alabama,NA,NA,NA,2020,91.3078431372549,57.794117647058826,42.001960784313724
Alaska,NA,NA,NA,2020,131.11111111111111,47.59027777777778,21.868055555555557
Arizona,NA,NA,NA,2020,164.80769230769232,70.61538461538461,46.73076923076923
Arkansas,NA,NA,NA,2020,87.74475524475525,58.25524475524476,43.2027972027972
California,NA,NA,NA,2020,270.6698113207547,82.67924528301887,48.990566037735846
Colorado,NA,NA,NA,2020,121.45161290322582,65.19354838709678,38.903225806451616
Connecticut,NA,NA,NA,2020,137.25,61.5,40.75
Country Of Mexico,NA,NA,NA,2020,129.5,89.75,54.5
Delaware,NA,NA,NA,2020,111,62.5,44.16666666666667
District Of Columbia,NA,NA,NA,2020,156,72,50
Florida,NA,NA,NA,2020,89.02496626180837,53.72064777327935,40.46052631578947
Georgia,NA,NA,NA,2020,103.60344827586206,59.77586206896552,43.603448275862064
Hawaii,NA,NA,NA,2020,77.125,36.5,22.25
Idaho,NA,NA,NA,2020,128.7236842105263,61.86184210526316,33.617105263157896
Illinois,NA,NA,NA,2020,108.86956521739131,62.21739130434783,45.565217391304344
Indiana,NA,NA,NA,2020,96.04217854217853,58.00450450450451,41.20679770679771
Iowa,NA,NA,NA,2020,96.8125,59.15625,42.21875
Kansas,NA,NA,NA,2020,128.1818181818182,54.59090909090909,36.90909090909091
Kentucky,NA,NA,NA,2020,90.84472934472934,55.866809116809115,42.04558404558404
Louisiana,NA,NA,NA,2020,96.11363636363636,56.27272727272727,40
Maine,NA,NA,NA,2020,108.1,49.900000000000006,35.25
Maryland,NA,NA,NA,2020,109.9375,60.0625,41.90625
Massachusetts,NA,NA,NA,2020,109,55.11538461538461,40.38461538461539
Michigan,NA,NA,NA,2020,99.63822751322752,57.011243386243386,38.59060846560847
Minnesota,NA,NA,NA,2020,131.42857142857142,56.88095238095238,35.095238095238095
Mississippi,NA,NA,NA,2020,88.85,56.4,43.1
Missouri,NA,NA,NA,2020,99.30952380952381,55.404761904761905,40.357142857142854
Montana,NA,NA,NA,2020,126.13157894736841,61.631578947368425,32.60526315789474
Nebraska,NA,NA,NA,2020,88.83333333333334,51.227777777777774,31.87222222222222
Nevada,NA,NA,NA,2020,146.77777777777777,65.27777777777777,38.44444444444444
New Hampshire,NA,NA,NA,2020,100.64285714285714,50.214285714285715,36.85714285714286
New Jersey,NA,NA,NA,2020,117.125,60.375,42.9375
New Mexico,NA,NA,NA,2020,163.8125,57.6875,34.21875
New York,NA,NA,NA,2020,103.95210727969348,53.32375478927203,37.36653895274585
North Carolina,NA,NA,NA,2020,87.91666666666667,56.59722222222223,41.16666666666667
North Dakota,NA,NA,NA,2020,134.32222222222222,59.56666666666666,36.67222222222222
Ohio,NA,NA,NA,2020,96.18974358974359,58.25673076923077,40.506410256410255
Oklahoma,NA,NA,NA,2020,109.64090909090909,59.518181818181816,42.127272727272725
Oregon,NA,NA,NA,2020,140.17934782608694,63.653985507246375,33.606884057971016
Pennsylvania,NA,NA,NA,2020,111.9125,60.837500000000006,42.825
Puerto Rico,NA,NA,NA,2020,100.6,52.3,26.1
Rhode Island,NA,NA,NA,2020,121.33333333333333,54.66666666666667,38.833333333333336
South Carolina,NA,NA,NA,2020,86.98015873015873,55.36904761904762,39.71825396825397
South Dakota,NA,NA,NA,2020,150.3,57.05,34.45
Tennessee,NA,NA,NA,2020,94.6086956521739,57.78260869565217,40.73913043478261
Texas,NA,NA,NA,2020,114.320054200542,60.161788617886174,41.387533875338754
Utah,NA,NA,NA,2020,134.7,69.5,43.9
Vermont,NA,NA,NA,2020,91.5,48.625,31.875
Virgin Islands,NA,NA,NA,2020,76.75,56.58333333333333,26.666666666666664
Virginia,NA,NA,NA,2020,80.625,47.390625,33.84375
Washington,NA,NA,NA,2020,119.03225806451613,55.903225806451616,31.08064516129032
West Virginia,NA,NA,NA,2020,82.92857142857143,55.46428571428571,38.214285714285715
Wisconsin,NA,NA,NA,2020,108.81353767560664,59.64623243933589,39.984674329501914
Wyoming,NA,NA,NA,2020,128.80555555555557,58.638888888888886,37.25
